sample_ID;Nomen;Merge_to_traits;sample_m2;Biomass;L1;L1_3;L3_10;L10
BREEVTN02;Bathyporeia guilliamsoniana;BATHYPOREIA;0.078;0.004378528;0.75;0.25;0;0
BREEVTN02;Callianassa;CALLIANASSA;0.078;0.083641379;0;1;0;0
BREEVTN02;Callianassa subterranea;CALLIANASSA;0.078;2.559009246;0;1;0;0
BREEVTN02;Corbula gibba;CORBULA;0.078;0.014490566;0;1;0;0
BREEVTN02;Corystes cassivelaunus;CORYSTES;0.078;3.187260085;0;0;1;0
BREEVTN02;Echinocardium cordatum;ECHINOCARDIUM;0.078;18.40297469;0;0;0.666666667;0.333333333
BREEVTN02;Glycera;GLYCERA;0.078;0.005672431;0;0;1;0
BREEVTN02;Harpinia antennaria;HARPINIA;0.078;0.001567492;0.333333333;0.666666667;0;0
BREEVTN02;Ione thoracica;IONE;0.078;0.003197684;0;1;0;0
BREEVTN02;Iphinoe trispinosa;IPHINOE;0.078;0.001044995;0;1;0;0
BREEVTN02;Kurtiella bidentata;KURTIELLA;0.078;0.003735849;0;0;1;0
BREEVTN02;Lumbrineris latreilli;LUMBRINERIS;0.078;0.040558213;0;0;1;0
BREEVTN02;Magelona filiformis;MAGELONA;0.078;0.00595838;0;0;1;0
BREEVTN02;Nemertea;NEMERTEA;0.078;0.01349488;0;0.6;0.4;0
BREEVTN02;Nephtys hombergii;NEPHTYS;0.078;0.382919011;0;0;1;0
BREEVTN02;Nucula nitidosa;NUCULA;0.078;0.027377358;0;0;1;0
BREEVTN02;Ophiodromus flexuosus;OPHIODROMUS;0.078;0.056910508;0;1;0;0
BREEVTN02;Phoronida;PHORONIDA;0.078;0.013411878;0;1;0;0
BREEVTN02;Podarkeopsis helgolandica;PODARKEOPSIS;0.078;0.000724848;0;1;0;0
BREEVTN02;Poecilochaetus serpens;POECILOCHAETUS;0.078;0.01778869;0;1;0;0
BREEVTN02;Tellimya ferruginosa;TELLIMYA;0.078;0.049169811;0;0;1;0
BREEVTN03;Eunereis;EUNEREIS;0.078;0.017236742;0;0;1;0
BREEVTN03;Lanice conchilega;LANICE;0.078;0.479117587;0;1;0;0
BREEVTN03;Magelona johnstoni;MAGELONA;0.078;2.529332287;0;0;1;0
BREEVTN03;Magelona mirabilis;MAGELONA;0.078;0.152896285;0;0;1;0
BREEVTN03;Nemertea;NEMERTEA;0.078;0.030868809;0;0.6;0.4;0
BREEVTN03;Nephtys caeca;NEPHTYS;0.078;0.006596778;0;0;1;0
BREEVTN03;Nephtys cirrosa;NEPHTYS;0.078;0.171835422;0;0;1;0
BREEVTN03;Notomastus latericeus;NOTOMASTUS;0.078;0.019471134;0;1;0;0
BREEVTN03;Perioculodes longimanus;PERIOCULODES;0.078;0.001572717;0;1;0;0
BREEVTN03;Scoloplos armiger;SCOLOPLOS;0.078;0.037665473;0;0.25;0.75;0
BREEVTN03;Spiophanes bombyx;SPIOPHANES;0.078;0.012980756;0;1;0;0
BREEVTN03;Urothoe brevicornis;UROTHOE;0.078;0.005763146;0;1;0;0
BREEVTN07;Bathyporeia elegans;BATHYPOREIA;0.078;0.003140209;0.75;0.25;0;0
BREEVTN07;Bathyporeia guilliamsoniana;BATHYPOREIA;0.078;0.015319623;0.75;0.25;0;0
BREEVTN07;Chaetozone christiei;CHAETOZONE;0.078;0.001170396;0;1;0;0
BREEVTN07;Donax vittatus;DONAX;0.078;1.687830189;0;0;1;0
BREEVTN07;Euspira pulchella;POLINICES;0.078;0.026419473;0;0;1;0
BREEVTN07;Magelona filiformis;MAGELONA;0.078;0.003936787;0;0;1;0
BREEVTN07;Magelona johnstoni;MAGELONA;0.078;0.074094051;0;0;1;0
BREEVTN07;Nephtys cirrosa;NEPHTYS;0.078;0.213331282;0;0;1;0
BREEVTN07;Paraonis fulgens;PARAONIS;0.078;0.000744797;0;1;0;0
BREEVTN07;Poecilochaetus serpens;POECILOCHAETUS;0.078;0.004149586;0;1;0;0
BREEVTN07;Processa parva;PROCESSA;0.078;0.085882893;0;1;0;0
BREEVTN07;Scoloplos armiger;SCOLOPLOS;0.078;0.242271985;0;0.25;0.75;0
BREEVTN07;Spiophanes bombyx;SPIOPHANES;0.078;0.00585198;0;1;0;0
BREEVTN08;Chaetozone christiei;CHAETOZONE;0.078;0.000937647;0;1;0;0
BREEVTN08;Echinocardium cordatum;ECHINOCARDIUM;0.078;10.2871263;0;0;0.666666667;0.333333333
BREEVTN08;Euspira pulchella;POLINICES;0.078;0.05401119;0;0;1;0
BREEVTN08;Goniada maculata;GONIADA;0.078;0.109239182;0;0.75;0.25;0
BREEVTN08;Lumbrineris latreilli;LUMBRINERIS;0.078;0.021472778;0;0;1;0
BREEVTN08;Magelona johnstoni;MAGELONA;0.078;0.038995469;0;0;1;0
BREEVTN08;Malmgreniella glabra;MALMGRENIELLA;0.078;0.001416445;0;0;1;0
BREEVTN08;Nephtys hombergii;NEPHTYS;0.078;0.786506153;0;0;1;0
BREEVTN08;Notomastus latericeus;NOTOMASTUS;0.078;2.336044037;0;1;0;0
BREEVTN08;Scoloplos armiger;SCOLOPLOS;0.078;0.000864497;0;0.25;0.75;0
BREEVTN08;Sigalion mathildae;SIGALION;0.078;0.304961324;0;0.5;0.5;0
BREEVTN08;Siphonoecetes kroyeranus;SIPHONOECETES;0.078;0.003145434;1;0;0;0
BREEVTN08;Spiophanes bombyx;SPIOPHANES;0.078;0.006669928;0;1;0;0
BREEVTN08;Tellimya ferruginosa;TELLIMYA;0.078;0.012509434;0;0;1;0
BREEVTN08;Urothoe poseidonis;UROTHOE;0.078;0.001567492;0;1;0;0
BREEVTN12;Aricidea minuta;ARICIDEA;0.078;0.00599163;0;1;0;0
BREEVTN12;Bathyporeia elegans;BATHYPOREIA;0.078;0.0298137;0.75;0.25;0;0
BREEVTN12;Bathyporeia guilliamsoniana;BATHYPOREIA;0.078;0.004378528;0.75;0.25;0;0
BREEVTN12;Bathyporeia tenuipes;BATHYPOREIA;0.078;0.001567492;0.75;0.25;0;0
BREEVTN12;Capitellidae;CAPITELLIDAE;0.078;0.000891097;0;1;0;0
BREEVTN12;Donax vittatus;DONAX;0.078;0.013698113;0;0;1;0
BREEVTN12;Ensis ensis phaxoides;ENSIS;0.078;18.41167925;0;0;0;1
BREEVTN12;Euspira pulchella;POLINICES;0.078;0.02602384;0;0;1;0
BREEVTN12;Magelona mirabilis;MAGELONA;0.078;0.043284704;0;0;1;0
BREEVTN12;Nephtys cirrosa;NEPHTYS;0.078;0.045711946;0;0;1;0
BREEVTN12;Nephtys hombergii;NEPHTYS;0.078;1.073519187;0;0;1;0
BREEVTN12;Perioculodes longimanus;PERIOCULODES;0.078;0.001572717;0;1;0;0
BREEVTN12;Pontocrates altamarinus;PONTOCRATES;0.078;0.001572717;0;1;0;0
BREEVTN12;Scoloplos armiger;SCOLOPLOS;0.078;0.017482791;0;0.25;0.75;0
BREEVTN12;Spiophanes bombyx;SPIOPHANES;0.078;0.010021516;0;1;0;0
BREEVTN12;Urothoe brevicornis;UROTHOE;0.078;0.003840356;0;1;0;0
BREEVTN12;Urothoe poseidonis;UROTHOE;0.078;0.007847911;0;1;0;0
BREEVTN14;Bathyporeia elegans;BATHYPOREIA;0.078;0.003140209;0.75;0.25;0;0
BREEVTN14;Magelona mirabilis;MAGELONA;0.078;0.07713974;0;0;1;0
BREEVTN14;Nephtys cirrosa;NEPHTYS;0.078;0.085877811;0;0;1;0
BREEVTN14;Urothoe brevicornis;UROTHOE;0.078;0.023047359;0;1;0;0
BREEVTN15;Bathyporeia elegans;BATHYPOREIA;0.078;0.004707701;0.75;0.25;0;0
BREEVTN15;Magelona mirabilis;MAGELONA;0.078;0.009236819;0;0;1;0
BREEVTN15;Megaluropus agilis;MEGALUROPUS;0.078;0.001572717;0.5;0.5;0;0
BREEVTN15;Nephtys caeca;NEPHTYS;0.078;1.167416871;0;0;1;0
BREEVTN15;Nephtys cirrosa;NEPHTYS;0.078;0.098984917;0;0;1;0
BREEVTN15;Paraonis fulgens;PARAONIS;0.078;0.006989126;0;1;0;0
BREEVTN15;Scoloplos armiger;SCOLOPLOS;0.078;0.034081135;0;0.25;0.75;0
BREEVTN15;Spiophanes bombyx;SPIOPHANES;0.078;0.004521985;0;1;0;0
BREEVTN15;Urothoe brevicornis;UROTHOE;0.078;0.009603502;0;1;0;0
BREEVTN17;Bathyporeia guilliamsoniana;BATHYPOREIA;0.078;0.004378528;0.75;0.25;0;0
BREEVTN17;Chaetozone setosa;CHAETOZONE;0.078;0.00285949;0;1;0;0
BREEVTN17;Echinocardium cordatum;ECHINOCARDIUM;0.078;12.84587429;0;0;0.666666667;0.333333333
BREEVTN17;Megaluropus agilis;MEGALUROPUS;0.078;0.001572717;0.5;0.5;0;0
BREEVTN17;Nephtys;NEPHTYS;0.078;0.02386677;0;0;1;0
BREEVTN17;Nephtys cirrosa;NEPHTYS;0.078;0.333902026;0;0;1;0
BREEVTN17;Pseudocuma longicorne;PSEUDOCUMA;0.078;0.001044995;0.25;0.75;0;0
BREEVTN17;Spisula subtruncata;SPISULA;0.078;0.257716981;0;0;0;1
BREEVTN17;Urothoe brevicornis;UROTHOE;0.078;0.00192279;0;1;0;0
BREEVTN18;Abludomelita obtusata;ABLUDOMELITA;0.078;0.001572717;0.5;0.5;0;0
BREEVTN18;Ampharetidae;AMPHARETIDAE;0.078;0.003318339;0;0.5;0.5;0
BREEVTN18;Aricidea suecica;ARICIDEA;0.078;0.001449695;0;1;0;0
BREEVTN18;Bathyporeia guilliamsoniana;BATHYPOREIA;0.078;0.002189264;0.75;0.25;0;0
BREEVTN18;Glycera lapidum;GLYCERA;0.078;0.009988266;0;0;1;0
BREEVTN18;Megaluropus agilis;MEGALUROPUS;0.078;0.001572717;0.5;0.5;0;0
BREEVTN18;Nephtys caeca;NEPHTYS;0.078;0.096757174;0;0;1;0
BREEVTN18;Nephtys cirrosa;NEPHTYS;0.078;0.104604148;0;0;1;0
BREEVTN18;Paguridae;PAGURIDAE;0.078;0.002748336;0;0;1;0
BREEVTN18;Scolelepis bonnieri;SCOLELEPIS;0.078;0.3564255;0;1;0;0
BREEVTN18;Syllidae;SYLLIDAE;0.078;0.000518698;0;1;0;0
BREEVTN18;Tellimya ferruginosa;TELLIMYA;0.078;0.033811321;0;0;1;0
BREEVTN19;Bathyporeia;BATHYPOREIA;0.078;0.000872571;0.75;0.25;0;0
BREEVTN19;Bathyporeia guilliamsoniana;BATHYPOREIA;0.078;0.002189264;0.75;0.25;0;0
BREEVTN19;Ensis ensis phaxoides;ENSIS;0.078;22.5454717;0;0;0;1
BREEVTN19;Goniada maculata;GONIADA;0.078;0.001210296;0;0.75;0.25;0
BREEVTN19;Nephtys cirrosa;NEPHTYS;0.078;0.279019761;0;0;1;0
BREEVTN19;Phoronida;PHORONIDA;0.078;0.022782354;0;1;0;0
BREEVTN19;Pseudocuma longicorne;PSEUDOCUMA;0.078;0.004174754;0.25;0.75;0;0
BREEVTN19;Scolelepis bonnieri;SCOLELEPIS;0.078;0.030071199;0;1;0;0
BREEVTN19;Spiophanes bombyx;SPIOPHANES;0.078;0.008332422;0;1;0;0
BREEVTN19;Urothoe brevicornis;UROTHOE;0.078;0.007680711;0;1;0;0
BREEVTN20;Bathyporeia elegans;BATHYPOREIA;0.078;0.003140209;0.75;0.25;0;0
BREEVTN20;Echinocardium cordatum;ECHINOCARDIUM;0.078;4.286088222;0;0;0.666666667;0.333333333
BREEVTN20;Ensis ensis;ENSIS;0.078;10.93711321;0;0;0;1
BREEVTN20;Lanice conchilega;LANICE;0.078;0.284878391;0;1;0;0
BREEVTN20;Malmgreniella marphysae;MALMGRENIELLA;0.078;0.013253405;0;0;1;0
BREEVTN20;Nephtys cirrosa;NEPHTYS;0.078;0.380711219;0;0;1;0
BREEVTN20;Phoronida;PHORONIDA;0.078;0.007419455;0;1;0;0
BREEVTN20;Processa parva;PROCESSA;0.078;0.085882893;0;1;0;0
BREEVTN20;Scoloplos armiger;SCOLOPLOS;0.078;0.013073856;0;0.25;0.75;0
BREEVTN20;Spiophanes bombyx;SPIOPHANES;0.078;0.043131755;0;1;0;0
BREEVTN20;Urothoe brevicornis;UROTHOE;0.078;0.013443857;0;1;0;0
BREEVTN22;Megaluropus agilis;MEGALUROPUS;0.078;0.001572717;0.5;0.5;0;0
BREEVTN22;Nephtys cirrosa;NEPHTYS;0.078;0.421675081;0;0;1;0
BREEVTN22;Urothoe brevicornis;UROTHOE;0.078;0.00192279;0;1;0;0
BREEVTN23;Magelona mirabilis;MAGELONA;0.078;0.061040145;0;0;1;0
BREEVTN23;Nephtys cirrosa;NEPHTYS;0.078;0.726283955;0;0;1;0
BREEVTN23;Scoloplos armiger;SCOLOPLOS;0.078;0.004202786;0;0.25;0.75;0
BREEVTN25;Capitella capitata;CAPITELLA;0.078;0.037731973;0;1;0;0
BREEVTN25;Euzonus flabelligerus;EUZONUS;0.078;0.010892663;0;1;0;0
BREEVTN25;Exogone hebes;EXOGONE;0.078;0.001263496;0;1;0;0
BREEVTN25;Nephtys cirrosa;NEPHTYS;0.078;0.02682601;0;0;1;0
BREEVTN25;Spiophanes bombyx;SPIOPHANES;0.078;0.005745581;0;1;0;0
BREEVTN26;Bathyporeia guilliamsoniana;BATHYPOREIA;0.078;0.002189264;0.75;0.25;0;0
BREEVTN26;Callianassa;CALLIANASSA;0.078;0.010382023;0;1;0;0
BREEVTN26;Callianassa subterranea;CALLIANASSA;0.078;1.648808377;0;1;0;0
BREEVTN26;Corbula gibba;CORBULA;0.078;0.00345283;0;1;0;0
BREEVTN26;Echinocardium cordatum;ECHINOCARDIUM;0.078;19.57496543;0;0;0.666666667;0.333333333
BREEVTN26;Goniada maculata;GONIADA;0.078;0.010639964;0;0.75;0.25;0
BREEVTN26;Iphinoe trispinosa;IPHINOE;0.078;0.001044995;0;1;0;0
BREEVTN26;Kurtiella bidentata;KURTIELLA;0.078;0.007226415;0;0;1;0
BREEVTN26;Leucothoe incisa;LEUCOTHOE;0.078;0.00200639;0.5;0.5;0;0
BREEVTN26;Magelona filiformis;MAGELONA;0.078;0.018367238;0;0;1;0
BREEVTN26;Magelona johnstoni;MAGELONA;0.078;0.014503601;0;0;1;0
BREEVTN26;Nemertea;NEMERTEA;0.078;0.005035752;0;0.6;0.4;0
BREEVTN26;Nephtys assimilis;NEPHTYS;0.078;0.079706632;0;0;1;0
BREEVTN26;Notomastus latericeus;NOTOMASTUS;0.078;1.700439176;0;1;0;0
BREEVTN26;Nucula nitidosa;NUCULA;0.078;0.246528302;0;0;1;0
BREEVTN26;Phoronida;PHORONIDA;0.078;0.006850872;0;1;0;0
BREEVTN26;Podarkeopsis helgolandica;PODARKEOPSIS;0.078;0.009270069;0;1;0;0
BREEVTN26;Poecilochaetus serpens;POECILOCHAETUS;0.078;0.009509468;0;1;0;0
BREEVTN26;Scoloplos armiger;SCOLOPLOS;0.078;0.052155774;0;0.25;0.75;0
BREEVTN26;Sigalion mathildae;SIGALION;0.078;0.537916689;0;0.5;0.5;0
BREEVTN26;Tellimya ferruginosa;TELLIMYA;0.078;0.016226415;0;0;1;0
BREEVTN34;Callianassa;CALLIANASSA;0.078;0.019416002;0;1;0;0
BREEVTN34;Callianassa subterranea;CALLIANASSA;0.078;1.892992298;0;1;0;0
BREEVTN34;Echinocardium cordatum;ECHINOCARDIUM;0.078;35.1668144;0;0;0.666666667;0.333333333
BREEVTN34;Euspira pulchella;POLINICES;0.078;0.016631227;0;0;1;0
BREEVTN34;Kurtiella bidentata;KURTIELLA;0.078;0.01009434;0;0;1;0
BREEVTN34;Leucothoe incisa;LEUCOTHOE;0.078;0.00200639;0.5;0.5;0;0
BREEVTN34;Lumbrineris latreilli;LUMBRINERIS;0.078;0.004980833;0;0;1;0
BREEVTN34;Magelona filiformis;MAGELONA;0.078;0.007514475;0;0;1;0
BREEVTN34;Magelona johnstoni;MAGELONA;0.078;0.00879127;0;0;1;0
BREEVTN34;Malmgreniella marphysae;MALMGRENIELLA;0.078;0.012661557;0;0;1;0
BREEVTN34;Nemertea;NEMERTEA;0.078;0.029735473;0;0.6;0.4;0
BREEVTN34;Notomastus latericeus;NOTOMASTUS;0.078;0.067583723;0;1;0;0
BREEVTN34;Phoronida;PHORONIDA;0.078;0.001142741;0;1;0;0
BREEVTN34;Podarkeopsis helgolandica;PODARKEOPSIS;0.078;0.015128699;0;1;0;0
BREEVTN34;Sigalion mathildae;SIGALION;0.078;0.230089226;0;0.5;0.5;0
BREEVTN34;Spiophanes bombyx;SPIOPHANES;0.078;0.012089659;0;1;0;0
BREEVTN34;Tellimya ferruginosa;TELLIMYA;0.078;0.098113208;0;0;1;0
DOGGBK02;Acrocnida brachiata;ACROCNIDA;0.078;0.267293375;0;0;0;1
DOGGBK02;Amphiura;AMPHIURA;0.078;0.002852968;0;0;0;1
DOGGBK02;Bathyporeia elegans;BATHYPOREIA;0.078;0.0298137;0.75;0.25;0;0
DOGGBK02;Bathyporeia guilliamsoniana;BATHYPOREIA;0.078;0.052526661;0.75;0.25;0;0
DOGGBK02;Bathyporeia tenuipes;BATHYPOREIA;0.078;0.006269968;0.75;0.25;0;0
DOGGBK02;Chaetozone;CHAETOZONE;0.078;0.001177046;0;1;0;0
DOGGBK02;Diastylis;DIASTYLIS;0.078;0.001044995;0.25;0.75;0;0
DOGGBK02;Edwardsia;EDWARDSIA;0.078;0.075266251;0;0;0.25;0.75
DOGGBK02;Euspira pulchella;POLINICES;0.078;0.010242491;0;0;1;0
DOGGBK02;Goniada maculata;GONIADA;0.078;0.044953849;0;0.75;0.25;0
DOGGBK02;Ione thoracica;IONE;0.078;0.003197684;0;1;0;0
DOGGBK02;Lanice conchilega;LANICE;0.078;1.139520214;0;1;0;0
DOGGBK02;Magelona filiformis;MAGELONA;0.078;0.012568458;0;0;1;0
DOGGBK02;Magelona johnstoni;MAGELONA;0.078;0.060913795;0;0;1;0
DOGGBK02;Malmgreniella marphysae;MALMGRENIELLA;0.078;0.013253405;0;0;1;0
DOGGBK02;Nemertea;NEMERTEA;0.078;0.087558991;0;0.6;0.4;0
DOGGBK02;Nephtys;NEPHTYS;0.078;0.005386482;0;0;1;0
DOGGBK02;Nephtys assimilis;NEPHTYS;0.078;0.598364986;0;0;1;0
DOGGBK02;Nephtys cirrosa;NEPHTYS;0.078;0.04758724;0;0;1;0
DOGGBK02;Ophiuroidea;OPHIUROIDEA;0.078;0.000128451;0;0;1;0
DOGGBK02;Perioculodes longimanus;PERIOCULODES;0.078;0.009436303;0;1;0;0
DOGGBK02;Phoronida;PHORONIDA;0.078;0.001248654;0;1;0;0
DOGGBK02;Pontocrates altamarinus;PONTOCRATES;0.078;0.001572717;0;1;0;0
DOGGBK02;Scoloplos armiger;SCOLOPLOS;0.078;0.013073856;0;0.25;0.75;0
DOGGBK02;Spio;SPIO;0.078;0.000531998;0;1;0;0
DOGGBK02;Spio filicornis;SPIO;0.078;0.006377329;0;1;0;0
DOGGBK02;Spiophanes bombyx;SPIOPHANES;0.078;0.051756776;0;1;0;0
DOGGBK02;Tellina fabula;ANGULUS;0.078;0.891471698;0;0;1;0
DOGGBK02;Urothoe poseidonis;UROTHOE;0.078;0.034521401;0;1;0;0
DOGGBK03;Acrocnida brachiata;ACROCNIDA;0.078;0.709462885;0;0;0;1
DOGGBK03;Amphiura;AMPHIURA;0.078;0.001331836;0;0;0;1
DOGGBK03;Aricidea minuta;ARICIDEA;0.078;0.001024097;0;1;0;0
DOGGBK03;Aricidea suecica;ARICIDEA;0.078;0.000638398;0;1;0;0
DOGGBK03;Atylus swammerdami;ATYLUS;0.078;0.004702476;0.333333333;0.666666667;0;0
DOGGBK03;Bathyporeia elegans;BATHYPOREIA;0.078;0.043936804;0.75;0.25;0;0
DOGGBK03;Bathyporeia guilliamsoniana;BATHYPOREIA;0.078;0.021887415;0.75;0.25;0;0
DOGGBK03;Bathyporeia tenuipes;BATHYPOREIA;0.078;0.001567492;0.75;0.25;0;0
DOGGBK03;Cerianthus lloydi;CERIANTHUS;0.078;0.026555493;0;0;0;1
DOGGBK03;Chaetozone;CHAETOZONE;0.078;0.000851197;0;1;0;0
DOGGBK03;Diastylis bradyi;DIASTYLIS;0.078;0.002084765;0.25;0.75;0;0
DOGGBK03;Echinocardium cordatum;ECHINOCARDIUM;0.078;8.572176443;0;0;0.666666667;0.333333333
DOGGBK03;Edwardsia;EDWARDSIA;0.078;0.025091319;0;0;0.25;0.75
DOGGBK03;Euspira pulchella;POLINICES;0.078;0.015371063;0;0;1;0
DOGGBK03;Gari fervensis;GARI;0.078;0.754396226;0;0;1;0
DOGGBK03;Goniada maculata;GONIADA;0.078;0.029971449;0;0.75;0.25;0
DOGGBK03;Kurtiella bidentata;KURTIELLA;0.078;0.008358491;0;0;1;0
DOGGBK03;Magelona filiformis;MAGELONA;0.078;0.034373734;0;0;1;0
DOGGBK03;Magelona johnstoni;MAGELONA;0.078;0.012182759;0;0;1;0
DOGGBK03;Malmgreniella lunulata;MALMGRENIELLA;0.078;0.001915194;0;0;1;0
DOGGBK03;Malmgreniella marphysae;MALMGRENIELLA;0.078;0.039766866;0;0;1;0
DOGGBK03;Megaluropus agilis;MEGALUROPUS;0.078;0.006290868;0.5;0.5;0;0
DOGGBK03;Nemertea;NEMERTEA;0.078;0.291787357;0;0.6;0.4;0
DOGGBK03;Nephtys;NEPHTYS;0.078;0.005386482;0;0;1;0
DOGGBK03;Notomastus latericeus;NOTOMASTUS;0.078;0.182754685;0;1;0;0
DOGGBK03;Owenia fusiformis;OWENIA;0.078;0.08013223;0;0;1;0
DOGGBK03;Perioculodes longimanus;PERIOCULODES;0.078;0.006290868;0;1;0;0
DOGGBK03;Pholoe minuta;PHOLOE;0.078;0.005127133;0;0;1;0
DOGGBK03;Phoronida;PHORONIDA;0.078;0.00247501;0;1;0;0
DOGGBK03;Pontocrates altamarinus;PONTOCRATES;0.078;0.001572717;0;1;0;0
DOGGBK03;Pseudocuma longicorne;PSEUDOCUMA;0.078;0.004174754;0.25;0.75;0;0
DOGGBK03;Scoloplos armiger;SCOLOPLOS;0.078;0.013073856;0;0.25;0.75;0
DOGGBK03;Sigalion mathildae;SIGALION;0.078;0.000744797;0;0.5;0.5;0
DOGGBK03;Siphonoecetes kroyeranus;SIPHONOECETES;0.078;0.001572717;1;0;0;0
DOGGBK03;Sipuncula;SIPUNCULA;0.078;0.00576412;0;1;0;0
DOGGBK03;Spio filicornis;SPIO;0.078;0.006377329;0;1;0;0
DOGGBK03;Sthenelais limicola;STHENELAIS;0.078;0.040305514;0;0;1;0
DOGGBK03;Tellimya ferruginosa;TELLIMYA;0.078;0.003660377;0;0;1;0
DOGGBK03;Tellina fabula;ANGULUS;0.078;0.006018868;0;0;1;0
DOGGBK03;Thyasira flexuosa;THYASIRA;0.078;0.005622642;0;0;1;0
DOGGBK03;Urothoe elegans;UROTHOE;0.078;0.001567492;0;1;0;0
DOGGBK03;Urothoe poseidonis;UROTHOE;0.078;0.040796595;0;1;0;0
DOGGBK04;Acrocnida brachiata;ACROCNIDA;0.078;0.366254865;0;0;0;1
DOGGBK04;Amphiura;AMPHIURA;0.078;0.005800585;0;0;0;1
DOGGBK04;Bathyporeia elegans;BATHYPOREIA;0.078;0.007847911;0.75;0.25;0;0
DOGGBK04;Bathyporeia guilliamsoniana;BATHYPOREIA;0.078;0.002189264;0.75;0.25;0;0
DOGGBK04;Bathyporeia tenuipes;BATHYPOREIA;0.078;0.001567492;0.75;0.25;0;0
DOGGBK04;Branchiostoma lanceolatum;BRANCHIOSTOMA;0.078;NA;0;0;1;0
DOGGBK04;Chaetozone christiei;CHAETOZONE;0.078;0.009575968;0;1;0;0
DOGGBK04;Dosinia lupinus;DOSINIA;0.078;0.001830189;0;0;0.5;0.5
DOGGBK04;Echinocyamus pusillus;ECHINOCYAMUS;0.078;0.000507802;0;1;0;0
DOGGBK04;Euspira pulchella;POLINICES;0.078;0.001362735;0;0;1;0
DOGGBK04;Hippomedon denticulatus;HIPPOMEDON;0.078;0.006269968;0.333333333;0.666666667;0;0
DOGGBK04;Magelona filiformis;MAGELONA;0.078;0.039474267;0;0;1;0
DOGGBK04;Magelona johnstoni;MAGELONA;0.078;0.115337212;0;0;1;0
DOGGBK04;Malmgreniella marphysae;MALMGRENIELLA;0.078;0.009895167;0;0;1;0
DOGGBK04;Megaluropus agilis;MEGALUROPUS;0.078;0.001572717;0.5;0.5;0;0
DOGGBK04;Nemertea;NEMERTEA;0.078;0.015539559;0;0.6;0.4;0
DOGGBK04;Nephtys;NEPHTYS;0.078;0.005213582;0;0;1;0
DOGGBK04;Nucula nitidosa;NUCULA;0.078;0.258226415;0;0;1;0
DOGGBK04;Perioculodes longimanus;PERIOCULODES;0.078;0.003145434;0;1;0;0
DOGGBK04;Phoronida;PHORONIDA;0.078;0.001337843;0;1;0;0
DOGGBK04;Poecilochaetus serpens;POECILOCHAETUS;0.078;0.023301522;0;1;0;0
DOGGBK04;Pontocrates altamarinus;PONTOCRATES;0.078;0.001572717;0;1;0;0
DOGGBK04;Scoloplos armiger;SCOLOPLOS;0.078;0.005000783;0;0.25;0.75;0
DOGGBK04;Siphonoecetes kroyeranus;SIPHONOECETES;0.078;0.001572717;1;0;0;0
DOGGBK04;Spio filicornis;SPIO;0.078;0.00606478;0;1;0;0
DOGGBK04;Spiophanes bombyx;SPIOPHANES;0.078;0.025961513;0;1;0;0
DOGGBK04;Tellina fabula;ANGULUS;0.078;0.004641509;0;0;1;0
DOGGBK04;Thyasira flexuosa;THYASIRA;0.078;0.107811321;0;0;1;0
DOGGBK05;Acrocnida brachiata;ACROCNIDA;0.078;0.205866671;0;0;0;1
DOGGBK05;Amphiura;AMPHIURA;0.078;0.01965979;0;0;0;1
DOGGBK05;Amphiura filiformis;AMPHIURA;0.078;0.003454661;0;0;0;1
DOGGBK05;Bathyporeia;BATHYPOREIA;0.078;0.008720481;0.75;0.25;0;0
DOGGBK05;Bathyporeia elegans;BATHYPOREIA;0.078;0.03766161;0.75;0.25;0;0
DOGGBK05;Bathyporeia guilliamsoniana;BATHYPOREIA;0.078;0.004378528;0.75;0.25;0;0
DOGGBK05;Bathyporeia pelagica;BATHYPOREIA;0.078;0.001567492;0.75;0.25;0;0
DOGGBK05;Clymenura lankesteri;CLYMENURA;0.078;0.230036026;0.75;0.25;0;0
DOGGBK05;Euspira pulchella;POLINICES;0.078;0.005128572;0;0;1;0
DOGGBK05;Goniada maculata;GONIADA;0.078;0.036920676;0;0.75;0.25;0
DOGGBK05;Kurtiella bidentata;KURTIELLA;0.078;0.009188679;0;0;1;0
DOGGBK05;Leucothoe incisa;LEUCOTHOE;0.078;0.00401278;0.5;0.5;0;0
DOGGBK05;Magelona filiformis;MAGELONA;0.078;0.012661557;0;0;1;0
DOGGBK05;Megaluropus agilis;MEGALUROPUS;0.078;0.003145434;0.5;0.5;0;0
DOGGBK05;Nephtys cirrosa;NEPHTYS;0.078;0.087034907;0;0;1;0
DOGGBK05;Ophelia limacina;OPHELIA;0.078;0.001915194;0;1;0;0
DOGGBK05;Owenia fusiformis;OWENIA;0.078;0.224503244;0;0;1;0
DOGGBK05;Perioculodes longimanus;PERIOCULODES;0.078;0.004718151;0;1;0;0
DOGGBK05;Phoronida;PHORONIDA;0.078;0.001337843;0;1;0;0
DOGGBK05;Pontocrates altamarinus;PONTOCRATES;0.078;0.001572717;0;1;0;0
DOGGBK05;Pseudocuma longicorne;PSEUDOCUMA;0.078;0.001044995;0.25;0.75;0;0
DOGGBK05;Scolelepis bonnieri;SCOLELEPIS;0.078;0.016279145;0;1;0;0
DOGGBK05;Sigalion mathildae;SIGALION;0.078;0.137893936;0;0.5;0.5;0
DOGGBK05;Siphonoecetes kroyeranus;SIPHONOECETES;0.078;0.001572717;1;0;0;0
DOGGBK05;Spio filicornis;SPIO;0.078;0.004575185;0;1;0;0
DOGGBK05;Spiophanes bombyx;SPIOPHANES;0.078;0.10384605;0;1;0;0
DOGGBK05;Tellina fabula;ANGULUS;0.078;0.008660377;0;0;1;0
DOGGBK05;Urothoe poseidonis;UROTHOE;0.078;0.021965789;0;1;0;0
DOGGBK07;Acrocnida brachiata;ACROCNIDA;0.078;0.223985047;0;0;0;1
DOGGBK07;Atylus swammerdami;ATYLUS;0.078;0.001567492;0.333333333;0.666666667;0;0
DOGGBK07;Bathyporeia elegans;BATHYPOREIA;0.078;0.043936804;0.75;0.25;0;0
DOGGBK07;Bathyporeia guilliamsoniana;BATHYPOREIA;0.078;0.017508887;0.75;0.25;0;0
DOGGBK07;Diastylis bradyi;DIASTYLIS;0.078;0.001044995;0.25;0.75;0;0
DOGGBK07;Echinocyamus pusillus;ECHINOCYAMUS;0.078;0.000507802;0;1;0;0
DOGGBK07;Edwardsia;EDWARDSIA;0.078;0.050182638;0;0;0.25;0.75
DOGGBK07;Goniada maculata;GONIADA;0.078;0.0149824;0;0.75;0.25;0
DOGGBK07;Magelona alleni;MAGELONA;0.078;0.072132307;0;0;1;0
DOGGBK07;Magelona filiformis;MAGELONA;0.078;0.00591183;0;0;1;0
DOGGBK07;Magelona johnstoni;MAGELONA;0.078;0.012182759;0;0;1;0
DOGGBK07;Megaluropus agilis;MEGALUROPUS;0.078;0.003145434;0.5;0.5;0;0
DOGGBK07;Nemertea;NEMERTEA;0.078;0.226445263;0;0.6;0.4;0
DOGGBK07;Nephtys cirrosa;NEPHTYS;0.078;0.04758724;0;0;1;0
DOGGBK07;Sigalion mathildae;SIGALION;0.078;0.149784096;0;0.5;0.5;0
DOGGBK07;Siphonoecetes kroyeranus;SIPHONOECETES;0.078;0.003145434;1;0;0;0
DOGGBK07;Spio filicornis;SPIO;0.078;0.002127993;0;1;0;0
DOGGBK07;Spiophanes bombyx;SPIOPHANES;0.078;0.033329688;0;1;0;0
DOGGBK07;Tellina fabula;ANGULUS;0.078;0.389283019;0;0;1;0
DOGGBK07;Urothoe poseidonis;UROTHOE;0.078;0.023538507;0;1;0;0
DOGGBK08;Amphiura;AMPHIURA;0.078;0.011939199;0;0;0;1
DOGGBK08;Argissa hamatipes;ARGISSA;0.078;0.003134984;0.333333333;0.666666667;0;0
DOGGBK08;Bathyporeia;BATHYPOREIA;0.078;0.009593052;0.75;0.25;0;0
DOGGBK08;Bathyporeia elegans;BATHYPOREIA;0.078;0.07061552;0.75;0.25;0;0
DOGGBK08;Bathyporeia guilliamsoniana;BATHYPOREIA;0.078;0.070035548;0.75;0.25;0;0
DOGGBK08;Chamelea striatula;CHAMELEA;0.078;0.931207547;0;0;0;1
DOGGBK08;Clymenura lankesteri;CLYMENURA;0.078;0.119200849;0.75;0.25;0;0
DOGGBK08;Diastylis tumida;DIASTYLIS;0.078;0.001044995;0.25;0.75;0;0
DOGGBK08;Ebalia cranchii;EBALIA;0.078;0.054313602;0;1;0;0
DOGGBK08;Echinocardium cordatum;ECHINOCARDIUM;0.078;18.03368395;0;0;0.666666667;0.333333333
DOGGBK08;Echinocyamus pusillus;ECHINOCYAMUS;0.078;0.000507802;0;1;0;0
DOGGBK08;Euspira pulchella;POLINICES;0.078;0.016631227;0;0;1;0
DOGGBK08;Glycinde nordmanni;GLYCINDE;0.078;0.008598421;0;0.5;0.5;0
DOGGBK08;Goniada maculata;GONIADA;0.078;0.000671648;0;0.75;0.25;0
DOGGBK08;Kurtiella bidentata;KURTIELLA;0.078;0.00909434;0;0;1;0
DOGGBK08;Magelona filiformis;MAGELONA;0.078;0.015068849;0;0;1;0
DOGGBK08;Magelona johnstoni;MAGELONA;0.078;0.037306374;0;0;1;0
DOGGBK08;Megaluropus agilis;MEGALUROPUS;0.078;0.004718151;0.5;0.5;0;0
DOGGBK08;Mysia undata;MYSIA;0.078;1.558132075;0;0;1;0
DOGGBK08;Nemertea;NEMERTEA;0.078;0.009615833;0;0.6;0.4;0
DOGGBK08;Nephtys;NEPHTYS;0.078;0.001183696;0;0;1;0
DOGGBK08;Notomastus latericeus;NOTOMASTUS;0.078;0.235236308;0;1;0;0
DOGGBK08;Owenia fusiformis;OWENIA;0.078;0.019378035;0;0;1;0
DOGGBK08;Perioculodes longimanus;PERIOCULODES;0.078;0.004718151;0;1;0;0
DOGGBK08;Phoronida;PHORONIDA;0.078;0.003996807;0;1;0;0
DOGGBK08;Pontocrates altamarinus;PONTOCRATES;0.078;0.001572717;0;1;0;0
DOGGBK08;Pseudocuma longicorne;PSEUDOCUMA;0.078;0.001044995;0.25;0.75;0;0
DOGGBK08;Scoloplos armiger;SCOLOPLOS;0.078;0.074865448;0;0.25;0.75;0
DOGGBK08;Scopelocheirus hopei;SCOPELOCHEIRUS;0.078;0.001572717;0.333333333;0.666666667;0;0
DOGGBK08;Sigalion mathildae;SIGALION;0.078;0.43074565;0;0.5;0.5;0
DOGGBK08;Synchelidium haplocheles;SYNCHELIDIUM;0.078;0.003145434;0;1;0;0
DOGGBK08;Tellina fabula;ANGULUS;0.078;0.019301887;0;0;1;0
DOGGBK08;Urothoe poseidonis;UROTHOE;0.078;0.004707701;0;1;0;0
FRIESFT02;Amphiura filiformis;AMPHIURA;0.078;0.405358107;0;0;0;1
FRIESFT02;Callianassa subterranea;CALLIANASSA;0.078;1.248178293;0;1;0;0
FRIESFT02;Corbula gibba;CORBULA;0.078;0.013698113;0;1;0;0
FRIESFT02;Eudorella truncatula;EUDORELLA;0.078;0.001044995;0.75;0.25;0;0
FRIESFT02;Euspira pulchella;POLINICES;0.078;0.041263025;0;0;1;0
FRIESFT02;Glycera alba;GLYCERA;0.078;0.025003916;0;0;1;0
FRIESFT02;Hyala vitrea;HYALA;0.078;0.052560537;0;0;1;0
FRIESFT02;Ione thoracica;IONE;0.078;0.000146299;0;1;0;0
FRIESFT02;Lumbrineris latreilli;LUMBRINERIS;0.078;0.012555158;0;0;1;0
FRIESFT02;Mediomastus fragilis;MEDIOMASTUS;0.078;0.000651698;0;1;0;0
FRIESFT02;Nephtys assimilis;NEPHTYS;0.078;0.342713246;0;0;1;0
FRIESFT02;Nucula nitidosa;NUCULA;0.078;0.005886792;0;0;1;0
FRIESFT02;Ophiodromus flexuosus;OPHIODROMUS;0.078;0.025323115;0;1;0;0
FRIESFT02;Pholoe minuta;PHOLOE;0.078;0.003936787;0;0;1;0
FRIESFT02;Phoronida;PHORONIDA;0.078;0.004085996;0;1;0;0
FRIESFT02;Podarkeopsis helgolandica;PODARKEOPSIS;0.078;0.00595838;0;1;0;0
FRIESFT02;Prionospio cirrifera;PRIONOSPIO;0.078;0.001276796;0;1;0;0
FRIESFT02;Spiophanes bombyx;SPIOPHANES;0.078;0.0001064;0;1;0;0
FRIESFT02;Turritella communis;TURRITELLA;0.078;4.764238297;0;0;1;0
FRIESFT03;Abra alba;ABRA;0.078;0.00609434;0;0.5;0.5;0
FRIESFT03;Amphiura filiformis;AMPHIURA;0.078;0.151187034;0;0;0;1
FRIESFT03;Atherospio guillei;POLYDORA;0.078;0.026141062;0;1;0;0
FRIESFT03;Callianassa subterranea;CALLIANASSA;0.078;4.926674731;0;1;0;0
FRIESFT03;Corbula gibba;CORBULA;0.078;0.095207547;0;1;0;0
FRIESFT03;Euspira pulchella;POLINICES;0.078;0.034903596;0;0;1;0
FRIESFT03;Goniada maculata;GONIADA;0.078;0.003723987;0;0.75;0.25;0
FRIESFT03;Heteromastus filiformis;HETEROMASTUS;0.078;0.012555158;0;1;0;0
FRIESFT03;Leptopentacta elongata;LEPTOPENTACTA;0.078;3.447359655;0;0;1;0
FRIESFT03;Leptosynapta inhaerens;LEPTOSYNAPTA;0.078;0.736363554;0;0.333333333;0.666666667;0
FRIESFT03;Leucothoe incisa;LEUCOTHOE;0.078;0.00200639;0.5;0.5;0;0
FRIESFT03;Lumbrineris latreilli;LUMBRINERIS;0.078;0.078842135;0;0;1;0
FRIESFT03;Nemertea;NEMERTEA;0.078;0.039725189;0;0.6;0.4;0
FRIESFT03;Nucula nitidosa;NUCULA;0.078;0.294735849;0;0;1;0
FRIESFT03;Ophiodromus flexuosus;OPHIODROMUS;0.078;0.051178228;0;1;0;0
FRIESFT03;Ophiura albida;OPHIURA;0.078;0.308174652;0;0;1;0
FRIESFT03;Phoronida;PHORONIDA;0.078;0.057499385;0;1;0;0
FRIESFT03;Podarkeopsis helgolandica;PODARKEOPSIS;0.078;0.003511188;0;1;0;0
FRIESFT03;Poecilochaetus serpens;POECILOCHAETUS;0.078;0.003298389;0;1;0;0
FRIESFT03;Prionospio cirrifera;PRIONOSPIO;0.078;0.005639181;0;1;0;0
FRIESFT03;Turbellaria;TURBELLARIA;0.078;0.012921335;0;1;0;0
FRIESFT03;Upogebia deltaura;UPOGEBIA;0.078;12.4229863;0;0;1;0
FRIESFT04;Amphiura filiformis;AMPHIURA;0.078;0.04332861;0;0;0;1
FRIESFT04;Aricidea minuta;ARICIDEA;0.078;0.000658348;0;1;0;0
FRIESFT04;Bathyporeia elegans;BATHYPOREIA;0.078;0.015690596;0.75;0.25;0;0
FRIESFT04;Callianassa subterranea;CALLIANASSA;0.078;0.63878961;0;1;0;0
FRIESFT04;Chaetozone christiei;CHAETOZONE;0.078;0.002054843;0;1;0;0
FRIESFT04;Chamelea striatula;CHAMELEA;0.078;0.001056604;0;0;0;1
FRIESFT04;Corbula gibba;CORBULA;0.078;0.056471698;0;1;0;0
FRIESFT04;Echinocyamus pusillus;ECHINOCYAMUS;0.078;0.000710923;0;1;0;0
FRIESFT04;Goniada maculata;GONIADA;0.078;0.010334065;0;0.75;0.25;0
FRIESFT04;Harpinia antennaria;HARPINIA;0.078;0.003134984;0.333333333;0.666666667;0;0
FRIESFT04;Kurtiella bidentata;KURTIELLA;0.078;0.001924528;0;0;1;0
FRIESFT04;Magelona filiformis;MAGELONA;0.078;0.010300815;0;0;1;0
FRIESFT04;Magelona johnstoni;MAGELONA;0.078;0.038955569;0;0;1;0
FRIESFT04;Nemertea;NEMERTEA;0.078;0.022783564;0;0.6;0.4;0
FRIESFT04;Nucula nitidosa;NUCULA;0.078;0.196169811;0;0;1;0
FRIESFT04;Ophiodromus flexuosus;OPHIODROMUS;0.078;0.026121112;0;1;0;0
FRIESFT04;Pholoe minuta;PHOLOE;0.078;0.001263496;0;0;1;0
FRIESFT04;Phoronida;PHORONIDA;0.078;0.014772018;0;1;0;0
FRIESFT04;Podarkeopsis helgolandica;PODARKEOPSIS;0.078;0.005193633;0;1;0;0
FRIESFT04;Poecilochaetus serpens;POECILOCHAETUS;0.078;0.006723127;0;1;0;0
FRIESFT04;Sigalion mathildae;SIGALION;0.078;0.406054283;0;0.5;0.5;0
FRIESFT04;Spiophanes bombyx;SPIOPHANES;0.078;0.006649978;0;1;0;0
FRIESFT04;Urothoe elegans;UROTHOE;0.078;0.003134984;0;1;0;0
FRIESFT05;Abra alba;ABRA;0.078;0.002301887;0;0.5;0.5;0
FRIESFT05;Amphiura filiformis;AMPHIURA;0.078;0.028266019;0;0;0;1
FRIESFT05;Atherospio guillei;POLYDORA;0.078;0.022889223;0;1;0;0
FRIESFT05;Callianassa subterranea;CALLIANASSA;0.078;5.369203879;0;1;0;0
FRIESFT05;Cylichna cylindracea;CYLICHNA;0.078;0.009832205;0;0;1;0
FRIESFT05;Eunereis longissima;EUNEREIS;0.078;0.311325352;0;0;1;0
FRIESFT05;Goniada maculata;GONIADA;0.078;0.005639181;0;0.75;0.25;0
FRIESFT05;Heteromastus filiformis;HETEROMASTUS;0.078;0.004894384;0;1;0;0
FRIESFT05;Ione thoracica;IONE;0.078;0.008062134;0;1;0;0
FRIESFT05;Leucothoe incisa;LEUCOTHOE;0.078;0.00200639;0.5;0.5;0;0
FRIESFT05;Lumbrineris latreilli;LUMBRINERIS;0.078;0.017662341;0;0;1;0
FRIESFT05;Mediomastus fragilis;MEDIOMASTUS;0.078;0.003351589;0;1;0;0
FRIESFT05;Nemertea;NEMERTEA;0.078;0.004439874;0;0.6;0.4;0
FRIESFT05;Notomastus latericeus;NOTOMASTUS;0.078;0.070862161;0;1;0;0
FRIESFT05;Ophiodromus flexuosus;OPHIODROMUS;0.078;0.047241441;0;1;0;0
FRIESFT05;Phoronida;PHORONIDA;0.078;0.050704257;0;1;0;0
FRIESFT05;Podarkeopsis helgolandica;PODARKEOPSIS;0.078;0.035005482;0;1;0;0
FRIESFT05;Poecilochaetus serpens;POECILOCHAETUS;0.078;0.003830387;0;1;0;0
FRIESFT05;Prionospio cirrifera;PRIONOSPIO;0.078;0.003936787;0;1;0;0
FRIESFT05;Pseudione borealis;BOPYRIDAE;0.078;0.000350073;0;1;0;0
FRIESFT05;Upogebia deltaura;UPOGEBIA;0.078;9.570746309;0;0;1;0
FRIESFT06;Amphiura filiformis;AMPHIURA;0.078;0.007517774;0;0;0;1
FRIESFT06;Callianassa subterranea;CALLIANASSA;0.078;0.435679207;0;1;0;0
FRIESFT06;Corbula gibba;CORBULA;0.078;0.012509434;0;1;0;0
FRIESFT06;Echinocardium cordatum;ECHINOCARDIUM;0.078;20.57425261;0;0;0.666666667;0.333333333
FRIESFT06;Euspira pulchella;POLINICES;0.078;0.026199677;0;0;1;0
FRIESFT06;Glycera alba;GLYCERA;0.078;0.037791823;0;0;1;0
FRIESFT06;Goniada maculata;GONIADA;0.078;0.017143642;0;0.75;0.25;0
FRIESFT06;Magelona alleni;MAGELONA;0.078;0.010041466;0;0;1;0
FRIESFT06;Magelona filiformis;MAGELONA;0.078;0.003830387;0;0;1;0
FRIESFT06;Magelona johnstoni;MAGELONA;0.078;0.149032648;0;0;1;0
FRIESFT06;Nemertea;NEMERTEA;0.078;0.007816515;0;0.6;0.4;0
FRIESFT06;Nephtys caeca;NEPHTYS;0.078;0.014237602;0;0;1;0
FRIESFT06;Nucula nitidosa;NUCULA;0.078;1.184075472;0;0;1;0
FRIESFT06;Ophiodromus flexuosus;OPHIODROMUS;0.078;0.039953066;0;1;0;0
FRIESFT06;Phoronida;PHORONIDA;0.078;0.000657773;0;1;0;0
FRIESFT06;Scolelepis bonnieri;SCOLELEPIS;0.078;0.009755517;0;1;0;0
FRIESFT06;Scoloplos armiger;SCOLOPLOS;0.078;0.005765531;0;0.25;0.75;0
FRIESFT06;Spiophanes bombyx;SPIOPHANES;0.078;0.104378049;0;1;0;0
FRIESFT06;Spisula subtruncata;SPISULA;0.078;0.006490566;0;0;0;1
FRIESFT06;Tellimya ferruginosa;TELLIMYA;0.078;0.065056604;0;0;1;0
FRIESFT06;Thracia papyracea;THRACIA;0.078;0.001301887;0;0;0;1
FRIESFT07;Amphiura filiformis;AMPHIURA;0.078;0.878558716;0;0;0;1
FRIESFT07;Callianassa subterranea;CALLIANASSA;0.078;3.591249826;0;1;0;0
FRIESFT07;Corbula gibba;CORBULA;0.078;0.271849057;0;1;0;0
FRIESFT07;Cylichna cylindracea;CYLICHNA;0.078;0.002300531;0;0;1;0
FRIESFT07;Eunereis;EUNEREIS;0.078;0.01489595;0;0;1;0
FRIESFT07;Euspira pulchella;POLINICES;0.078;0.078467152;0;0;1;0
FRIESFT07;Hyala vitrea;HYALA;0.078;0.014403961;0;0;1;0
FRIESFT07;Kurtiella bidentata;KURTIELLA;0.078;0.005490566;0;0;1;0
FRIESFT07;Leptosynapta inhaerens;LEPTOSYNAPTA;0.078;0.723037477;0;0.333333333;0.666666667;0
FRIESFT07;Lumbrineris latreilli;LUMBRINERIS;0.078;0.020428731;0;0;1;0
FRIESFT07;Malmgreniella marphysae;MALMGRENIELLA;0.078;0.047241441;0;0;1;0
FRIESFT07;Nephtys assimilis;NEPHTYS;0.078;0.272170284;0;0;1;0
FRIESFT07;Nephtys incisa;NEPHTYS;0.078;0.573600469;0;0;1;0
FRIESFT07;Notomastus latericeus;NOTOMASTUS;0.078;0.054902215;0;1;0;0
FRIESFT07;Ophiodromus flexuosus;OPHIODROMUS;0.078;0.026919109;0;1;0;0
FRIESFT07;Pectinaria auricoma;PECTINARIA;0.078;0.115656411;0;0.5;0.5;0
FRIESFT07;Phoronida;PHORONIDA;0.078;0.01305512;0;1;0;0
FRIESFT07;Podarkeopsis helgolandica;PODARKEOPSIS;0.078;0.00606478;0;1;0;0
FRIESFT07;Sipuncula;SIPUNCULA;0.078;2.301486711;0;1;0;0
FRIESFT07;Spio goniocephala;SPIO;0.078;0.000904397;0;1;0;0
FRIESFT07;Tellimya ferruginosa;TELLIMYA;0.078;0.003660377;0;0;1;0
FRIESFT07;Tellina fabula;ANGULUS;0.078;0.004;0;0;1;0
FRIESFT08;Amphiura filiformis;AMPHIURA;0.078;0.03161251;0;0;0;1
FRIESFT08;Bathyporeia elegans;BATHYPOREIA;0.078;0.001567492;0.75;0.25;0;0
FRIESFT08;Callianassa subterranea;CALLIANASSA;0.078;0.178406727;0;1;0;0
FRIESFT08;Glycera alba;GLYCERA;0.078;0.021851826;0;0;1;0
FRIESFT08;Goniada maculata;GONIADA;0.078;0.000977547;0;0.75;0.25;0
FRIESFT08;Harpinia antennaria;HARPINIA;0.078;0.001567492;0.333333333;0.666666667;0;0
FRIESFT08;Magelona filiformis;MAGELONA;0.078;0.003657488;0;0;1;0
FRIESFT08;Magelona johnstoni;MAGELONA;0.078;0.008511971;0;0;1;0
FRIESFT08;Nephtys cirrosa;NEPHTYS;0.078;0.016990693;0;0;1;0
FRIESFT08;Perioculodes longimanus;PERIOCULODES;0.078;0.001572717;0;1;0;0
FRIESFT08;Phaxas pellucidus;PHAXAS;0.078;0.089433962;0;0;1;0
FRIESFT08;Sigalion mathildae;SIGALION;0.078;0.057741756;0;0.5;0.5;0
FRIESFT08;Tellimya ferruginosa;TELLIMYA;0.078;0.008924528;0;0;1;0
FRIESFT09;Abra alba;ABRA;0.078;0.002811321;0;0.5;0.5;0
FRIESFT09;Amphiura filiformis;AMPHIURA;0.078;0.047317357;0;0;0;1
FRIESFT09;Atherospio guillei;POLYDORA;0.078;0.001808794;0;1;0;0
FRIESFT09;Bathyporeia tenuipes;BATHYPOREIA;0.078;0.001567492;0.75;0.25;0;0
FRIESFT09;Callianassa subterranea;CALLIANASSA;0.078;0.39045706;0;1;0;0
FRIESFT09;Chamelea striatula;CHAMELEA;0.078;0.013830189;0;0;0;1
FRIESFT09;Corbula gibba;CORBULA;0.078;0.168981132;0;1;0;0
FRIESFT09;Cylichna cylindracea;CYLICHNA;0.078;0.004044245;0;0;1;0
FRIESFT09;Dosinia lupinus;DOSINIA;0.078;0.003735849;0;0;0.5;0.5
FRIESFT09;Echinocardium cordatum;ECHINOCARDIUM;0.078;6.840113645;0;0;0.666666667;0.333333333
FRIESFT09;Eunereis;EUNEREIS;0.078;0.002127993;0;0;1;0
FRIESFT09;Euspira pulchella;POLINICES;0.078;0.005128572;0;0;1;0
FRIESFT09;Goniada maculata;GONIADA;0.078;0.006191129;0;0.75;0.25;0
FRIESFT09;Harpinia antennaria;HARPINIA;0.078;0.003134984;0.333333333;0.666666667;0;0
FRIESFT09;Heteromastus filiformis;HETEROMASTUS;0.078;0.015959946;0;1;0;0
FRIESFT09;Hyala vitrea;HYALA;0.078;0.02817784;0;0;1;0
FRIESFT09;Kurtiella bidentata;KURTIELLA;0.078;0.004660377;0;0;1;0
FRIESFT09;Lumbrineris latreilli;LUMBRINERIS;0.078;0.052667823;0;0;1;0
FRIESFT09;Mediomastus fragilis;MEDIOMASTUS;0.078;0.004255986;0;1;0;0
FRIESFT09;Natatolana borealis;NATATOLANA;0.078;0.245437915;0;1;0;0
FRIESFT09;Nemertea;NEMERTEA;0.078;0.006542972;0;0.6;0.4;0
FRIESFT09;Nephtys caeca;NEPHTYS;0.078;0.74564869;0;0;1;0
FRIESFT09;Nephtys hombergii;NEPHTYS;0.078;0.348246028;0;0;1;0
FRIESFT09;Nucula nitidosa;NUCULA;0.078;0.592113208;0;0;1;0
FRIESFT09;Ophiodromus flexuosus;OPHIODROMUS;0.078;0.029047102;0;1;0;0
FRIESFT09;Pectinaria koreni;PECTINARIA;0.078;0.001635894;0;0.5;0.5;0
FRIESFT09;Phoronida;PHORONIDA;0.078;0.001059126;0;1;0;0
FRIESFT09;Podarkeopsis helgolandica;PODARKEOPSIS;0.078;0.011703961;0;1;0;0
FRIESFT09;Poecilochaetus serpens;POECILOCHAETUS;0.078;0.010959163;0;1;0;0
FRIESFT09;Spiophanes bombyx;SPIOPHANES;0.078;0.044155851;0;1;0;0
FRIESFT09;Tellimya ferruginosa;TELLIMYA;0.078;0.088056604;0;0;1;0
FRIESFT09;Turbellaria;TURBELLARIA;0.078;0.004353565;0;1;0;0
FRIESFT09;Upogebia;UPOGEBIA;0.078;2.969833254;0;0;1;0
FRIESFT09;Upogebia deltaura;UPOGEBIA;0.078;2.025555106;0;0;1;0
FRIESFT10;Abra alba;ABRA;0.078;0.000698113;0;0.5;0.5;0
FRIESFT10;Amphiura filiformis;AMPHIURA;0.078;1.923556353;0;0;0;1
FRIESFT10;Callianassa;CALLIANASSA;0.078;0.044156253;0;1;0;0
FRIESFT10;Callianassa subterranea;CALLIANASSA;0.078;2.071848373;0;1;0;0
FRIESFT10;Corbula gibba;CORBULA;0.078;0.534132075;0;1;0;0
FRIESFT10;Cylichna cylindracea;CYLICHNA;0.078;0.004044245;0;0;1;0
FRIESFT10;Ebalia cranchii;EBALIA;0.078;0.073996078;0;1;0;0
FRIESFT10;Goniada maculata;GONIADA;0.078;0.002360742;0;0.75;0.25;0
FRIESFT10;Harpinia antennaria;HARPINIA;0.078;0.015674921;0.333333333;0.666666667;0;0
FRIESFT10;Ione thoracica;IONE;0.078;0.006839491;0;1;0;0
FRIESFT10;Kurtiella bidentata;KURTIELLA;0.078;0.02209434;0;0;1;0
FRIESFT10;Lumbrineris cingulata;LUMBRINERIS;0.078;0.05648491;0;0;1;0
FRIESFT10;Mediomastus fragilis;MEDIOMASTUS;0.078;0.00294594;0;1;0;0
FRIESFT10;Nephtys;NEPHTYS;0.078;0.001296746;0;0;1;0
FRIESFT10;Nephtys hombergii;NEPHTYS;0.078;0.061372643;0;0;1;0
FRIESFT10;Nucula nitidosa;NUCULA;0.078;0.019301887;0;0;1;0
FRIESFT10;Ophiodromus flexuosus;OPHIODROMUS;0.078;0.096132076;0;1;0;0
FRIESFT10;Phaxas pellucidus;PHAXAS;0.078;0.435735849;0;0;1;0
FRIESFT10;Pholoe minuta;PHOLOE;0.078;0.015920046;0;0;1;0
FRIESFT10;Phoronida;PHORONIDA;0.078;0.00495002;0;1;0;0
FRIESFT10;Podarkeopsis helgolandica;PODARKEOPSIS;0.078;0.000492098;0;1;0;0
FRIESFT10;Prionospio;PRIONOSPIO;0.078;0.00285284;0;1;0;0
FRIESFT10;Spio goniocephala;SPIO;0.078;0.004096386;0;1;0;0
FRIESFT10;Spisula subtruncata;SPISULA;0.078;0.002339623;0;0;0;1
FRIESFT10;Tellimya ferruginosa;TELLIMYA;0.078;0.050207547;0;0;1;0
FRIESFT10;Turbellaria;TURBELLARIA;0.078;0.002006765;0;1;0;0
FRIESFT12;Abra alba;ABRA;0.078;0.003603774;0;0.5;0.5;0
FRIESFT12;Amphiura filiformis;AMPHIURA;0.078;0.034972523;0;0;0;1
FRIESFT12;Bathyporeia elegans;BATHYPOREIA;0.078;0.006275193;0.75;0.25;0;0
FRIESFT12;Bathyporeia tenuipes;BATHYPOREIA;0.078;0.006269968;0.75;0.25;0;0
FRIESFT12;Callianassa subterranea;CALLIANASSA;0.078;0.119406324;0;1;0;0
FRIESFT12;Chaetozone setosa;CHAETOZONE;0.078;0.00297919;0;1;0;0
FRIESFT12;Chamelea striatula;CHAMELEA;0.078;0.004264151;0;0;0;1
FRIESFT12;Corbula gibba;CORBULA;0.078;0.067641509;0;1;0;0
FRIESFT12;Cylichna cylindracea;CYLICHNA;0.078;0.120843811;0;0;1;0
FRIESFT12;Eudorellopsis deformis;EUDORELLOPSIS;0.078;0.001044995;0.75;0.25;0;0
FRIESFT12;Euspira pulchella;POLINICES;0.078;0.017144084;0;0;1;0
FRIESFT12;Exogone hebes;EXOGONE;0.078;0.000265999;0;1;0;0
FRIESFT12;Harpinia antennaria;HARPINIA;0.078;0.012539937;0.333333333;0.666666667;0;0
FRIESFT12;Ione thoracica;IONE;0.078;0.003819456;0;1;0;0
FRIESFT12;Kurtiella bidentata;KURTIELLA;0.078;0.004886792;0;0;1;0
FRIESFT12;Lanice conchilega;LANICE;0.078;0.002467142;0;1;0;0
FRIESFT12;Magelona filiformis;MAGELONA;0.078;0.013419655;0;0;1;0
FRIESFT12;Magelona johnstoni;MAGELONA;0.078;0.007341575;0;0;1;0
FRIESFT12;Nemertea;NEMERTEA;0.078;0.001869421;0;0.6;0.4;0
FRIESFT12;Nephtys cirrosa;NEPHTYS;0.078;0.024365518;0;0;1;0
FRIESFT12;Nephtys hombergii;NEPHTYS;0.078;0.010320765;0;0;1;0
FRIESFT12;Nucula nitidosa;NUCULA;0.078;0.202245283;0;0;1;0
FRIESFT12;Phoronida;PHORONIDA;0.078;0.000981085;0;1;0;0
FRIESFT12;Podarkeopsis helgolandica;PODARKEOPSIS;0.078;0.012555158;0;1;0;0
FRIESFT12;Poecilochaetus serpens;POECILOCHAETUS;0.078;0.014044753;0;1;0;0
FRIESFT12;Sigalion mathildae;SIGALION;0.078;0.389635489;0;0.5;0.5;0
FRIESFT12;Spiophanes bombyx;SPIOPHANES;0.078;0.016491944;0;1;0;0
FRIESFT12;Thyasira flexuosa;THYASIRA;0.078;0.05054717;0;0;1;0
FRIESFT13;Actiniaria;ACTINIARIA;0.078;1.002489127;0;0;0.25;0.75
FRIESFT13;Bathyporeia elegans;BATHYPOREIA;0.078;0.004707701;0.75;0.25;0;0
FRIESFT13;Bathyporeia tenuipes;BATHYPOREIA;0.078;0.001567492;0.75;0.25;0;0
FRIESFT13;Callianassa subterranea;CALLIANASSA;0.078;0.194625046;0;1;0;0
FRIESFT13;Chaetozone;CHAETOZONE;0.078;0.000498748;0;1;0;0
FRIESFT13;Chaetozone christiei;CHAETOZONE;0.078;6.65E-05;0;1;0;0
FRIESFT13;Chaetozone setosa;CHAETOZONE;0.078;0.002254342;0;1;0;0
FRIESFT13;Edwardsia;EDWARDSIA;0.078;0.130334606;0;0;0.25;0.75
FRIESFT13;Ensis arcuatus;ENSIS;0.078;6.966641509;0;0;0;1
FRIESFT13;Euspira pulchella;POLINICES;0.078;0.010242491;0;0;1;0
FRIESFT13;Glycera alba;GLYCERA;0.078;0.001383195;0;0;1;0
FRIESFT13;Goniada maculata;GONIADA;0.078;0.006703177;0;0.75;0.25;0
FRIESFT13;Ione thoracica;IONE;0.078;0.015032249;0;1;0;0
FRIESFT13;Leucothoe incisa;LEUCOTHOE;0.078;0.00200639;0.5;0.5;0;0
FRIESFT13;Magelona filiformis;MAGELONA;0.078;0.007088876;0;0;1;0
FRIESFT13;Magelona johnstoni;MAGELONA;0.078;0.343930192;0;0;1;0
FRIESFT13;Nemertea;NEMERTEA;0.078;0.055556846;0;0.6;0.4;0
FRIESFT13;Nephtys;NEPHTYS;0.078;0.005499531;0;0;1;0
FRIESFT13;Nephtys hombergii;NEPHTYS;0.078;0.046031145;0;0;1;0
FRIESFT13;Notomastus latericeus;NOTOMASTUS;0.078;0.340053255;0;1;0;0
FRIESFT13;Phaxas pellucidus;PHAXAS;0.078;0.338735849;0;0;1;0
FRIESFT13;Phoronida;PHORONIDA;0.078;0.01019548;0;1;0;0
FRIESFT13;Poecilochaetus serpens;POECILOCHAETUS;0.078;0.011597561;0;1;0;0
FRIESFT13;Scoloplos armiger;SCOLOPLOS;0.078;0.008299172;0;0.25;0.75;0
FRIESFT13;Sigalion mathildae;SIGALION;0.078;0.909417689;0;0.5;0.5;0
FRIESFT13;Spisula subtruncata;SPISULA;0.078;0.00954717;0;0;0;1
FRIESFT13;Tellina fabula;ANGULUS;0.078;0.146792453;0;0;1;0
FRIESFT13;Thracia papyracea;THRACIA;0.078;0.007169811;0;0;0;1
FRIESFT13;Urothoe brevicornis;UROTHOE;0.078;0.003840356;0;1;0;0
FRIESFT13;Urothoe poseidonis;UROTHOE;0.078;0.003140209;0;1;0;0
FRIESFT14;Abra alba;ABRA;0.078;0.001528302;0;0.5;0.5;0
FRIESFT14;Anthozoa;CNIDARIA;0.078;0.754196038;0;0;1;0
FRIESFT14;Bathyporeia elegans;BATHYPOREIA;0.078;0.001567492;0.75;0.25;0;0
FRIESFT14;Corbula gibba;CORBULA;0.078;0.078075472;0;1;0;0
FRIESFT14;Crangon crangon;CRANGON;0.078;0.00198549;0;0;1;0
FRIESFT14;Echinocardium cordatum;ECHINOCARDIUM;0.078;22.56619169;0;0;0.666666667;0.333333333
FRIESFT14;Euspira pulchella;POLINICES;0.078;0.07333858;0;0;1;0
FRIESFT14;Leucothoe incisa;LEUCOTHOE;0.078;0.00200639;0.5;0.5;0;0
FRIESFT14;Magelona filiformis;MAGELONA;0.078;0.019683934;0;0;1;0
FRIESFT14;Magelona johnstoni;MAGELONA;0.078;0.009469568;0;0;1;0
FRIESFT14;Nemertea;NEMERTEA;0.078;0.076178892;0;0.6;0.4;0
FRIESFT14;Nephtys assimilis;NEPHTYS;0.078;0.891735399;0;0;1;0
FRIESFT14;Nephtys cirrosa;NEPHTYS;0.078;0.033196688;0;0;1;0
FRIESFT14;Notomastus latericeus;NOTOMASTUS;0.078;0.74586149;0;1;0;0
FRIESFT14;Nucula nitidosa;NUCULA;0.078;0.258226415;0;0;1;0
FRIESFT14;Ophiura albida;OPHIURA;0.078;0.236634108;0;0;1;0
FRIESFT14;Phaxas pellucidus;PHAXAS;0.078;0.520773585;0;0;1;0
FRIESFT14;Podarkeopsis helgolandica;PODARKEOPSIS;0.078;0.008724771;0;1;0;0
FRIESFT14;Tellimya ferruginosa;TELLIMYA;0.078;0.085981132;0;0;1;0
FRIESFT14;Tellina fabula;ANGULUS;0.078;0.012415094;0;0;1;0
FRIESFT14;Thracia papyracea;THRACIA;0.078;0.000358491;0;0;0;1
FRIESFT15;Chaetozone christiei;CHAETOZONE;0.078;0.001595995;0;1;0;0
FRIESFT15;Corbula gibba;CORBULA;0.078;0.110415094;0;1;0;0
FRIESFT15;Eteone longa;ETEONE;0.078;0.000545298;0;1;0;0
FRIESFT15;Euspira pulchella;POLINICES;0.078;0.000688694;0;0;1;0
FRIESFT15;Magelona filiformis;MAGELONA;0.078;0.386975497;0;0;1;0
FRIESFT15;Magelona johnstoni;MAGELONA;0.078;0.023600771;0;0;1;0
FRIESFT15;Nemertea;NEMERTEA;0.078;0.006426134;0;0.6;0.4;0
FRIESFT15;Notomastus latericeus;NOTOMASTUS;0.078;2.157997536;0;1;0;0
FRIESFT15;Oligochaeta;TUBIFICIDAE;0.078;0.000395779;0;1;0;0
FRIESFT15;Pseudocuma longicorne;PSEUDOCUMA;0.078;0.004174754;0.25;0.75;0;0
FRIESFT15;Scoloplos armiger;SCOLOPLOS;0.078;0.003903537;0;0.25;0.75;0
FRIESFT15;Sigalion mathildae;SIGALION;0.078;0.673808982;0;0.5;0.5;0
FRIESFT15;Spiophanes bombyx;SPIOPHANES;0.078;0.003850337;0;1;0;0
FRIESFT15;Spisula subtruncata;SPISULA;0.078;0.002339623;0;0;0;1
FRIESFT15;Tellina fabula;ANGULUS;0.078;0.165415094;0;0;1;0
FRIESFT15;Thracia papyracea;THRACIA;0.078;0.002528302;0;0;0;1
FRIESFT15;Urothoe poseidonis;UROTHOE;0.078;0.001567492;0;1;0;0
FRIESFT16;Abra nitida;ABRA;0.078;0.043981132;0;0.5;0.5;0
FRIESFT16;Amphiura filiformis;AMPHIURA;0.078;0.009038906;0;0;0;1
FRIESFT16;Bathyporeia guilliamsoniana;BATHYPOREIA;0.078;0.002189264;0.75;0.25;0;0
FRIESFT16;Callianassa;CALLIANASSA;0.078;0.059125802;0;1;0;0
FRIESFT16;Callianassa subterranea;CALLIANASSA;0.078;1.873095598;0;1;0;0
FRIESFT16;Corbula gibba;CORBULA;0.078;0.368264151;0;1;0;0
FRIESFT16;Cylichna cylindracea;CYLICHNA;0.078;0.001890245;0;0;1;0
FRIESFT16;Diplocirrus glaucus;DIPLOCIRRUS;0.078;0.022077926;0;0.5;0.5;0
FRIESFT16;Echinocardium cordatum;ECHINOCARDIUM;0.078;0.943801318;0;0;0.666666667;0.333333333
FRIESFT16;Euspira pulchella;POLINICES;0.078;0.002740123;0;0;1;0
FRIESFT16;Exogone naidina;EXOGONE;0.078;0.000352449;0;1;0;0
FRIESFT16;Glycera;GLYCERA;0.078;0.00891762;0;0;1;0
FRIESFT16;Goniada maculata;GONIADA;0.078;0.006403928;0;0.75;0.25;0
FRIESFT16;Harpinia antennaria;HARPINIA;0.078;0.001567492;0.333333333;0.666666667;0;0
FRIESFT16;Hyala vitrea;HYALA;0.078;0.018374941;0;0;1;0
FRIESFT16;Ione thoracica;IONE;0.078;0.025623271;0;1;0;0
FRIESFT16;Lumbrineris latreilli;LUMBRINERIS;0.078;0.076035844;0;0;1;0
FRIESFT16;Magelona johnstoni;MAGELONA;0.078;0.015820297;0;0;1;0
FRIESFT16;Nemertea;NEMERTEA;0.078;0.022211054;0;0.6;0.4;0
FRIESFT16;Notomastus latericeus;NOTOMASTUS;0.078;0.550884146;0;1;0;0
FRIESFT16;Nucula nitidosa;NUCULA;0.078;1.254396226;0;0;1;0
FRIESFT16;Ophiodromus flexuosus;OPHIODROMUS;0.078;0.049030285;0;1;0;0
FRIESFT16;Pholoe minuta;PHOLOE;0.078;0.004894384;0;0;1;0
FRIESFT16;Phoronida;PHORONIDA;0.078;0.018228113;0;1;0;0
FRIESFT16;Poecilochaetus serpens;POECILOCHAETUS;0.078;0.085186213;0;1;0;0
FRIESFT16;Spiophanes bombyx;SPIOPHANES;0.078;0.008511971;0;1;0;0
FRIESFT16;Thracia papyracea;THRACIA;0.078;0.003716981;0;0;0;1
NOORDWK30;Aricidea minuta;ARICIDEA;0.078;0.002041543;0;1;0;0
NOORDWK30;Chaetozone christiei;CHAETOZONE;0.078;0.002533641;0;1;0;0
NOORDWK30;Eteone longa;ETEONE;0.078;0.001675794;0;1;0;0
NOORDWK30;Euspira pulchella;POLINICES;0.078;0.005128572;0;0;1;0
NOORDWK30;Magelona mirabilis;MAGELONA;0.078;0.041409411;0;0;1;0
NOORDWK30;Megaluropus agilis;MEGALUROPUS;0.078;0.001572717;0.5;0.5;0;0
NOORDWK30;Nephtys cirrosa;NEPHTYS;0.078;0.237942849;0;0;1;0
NOORDWK30;Phoronida;PHORONIDA;0.078;0.002118252;0;1;0;0
NOORDWK30;Scolelepis bonnieri;SCOLELEPIS;0.078;0.107842687;0;1;0;0
NOORDWK30;Scoloplos armiger;SCOLOPLOS;0.078;0.026141062;0;0.25;0.75;0
NOORDWK30;Urothoe brevicornis;UROTHOE;0.078;0.003840356;0;1;0;0
OESTGDN03;Amphiura;AMPHIURA;0.078;0.002075501;0;0;0;1
OESTGDN03;Bathyporeia tenuipes;BATHYPOREIA;0.078;0.015674921;0.75;0.25;0;0
OESTGDN03;Chaetozone;CHAETOZONE;0.078;0.000831247;0;1;0;0
OESTGDN03;Corbula gibba;CORBULA;0.078;0.038792453;0;1;0;0
OESTGDN03;Diplocirrus glaucus;DIPLOCIRRUS;0.078;0.003723987;0;0.5;0.5;0
OESTGDN03;Euspira pulchella;POLINICES;0.078;0.002227266;0;0;1;0
OESTGDN03;Glycinde nordmanni;GLYCINDE;0.078;0.020322332;0;0.5;0.5;0
OESTGDN03;Leucothoe incisa;LEUCOTHOE;0.078;0.00200639;0.5;0.5;0;0
OESTGDN03;Magelona alleni;MAGELONA;0.078;0.118529201;0;0;1;0
OESTGDN03;Magelona filiformis;MAGELONA;0.078;0.087513705;0;0;1;0
OESTGDN03;Magelona johnstoni;MAGELONA;0.078;0.095440479;0;0;1;0
OESTGDN03;Nemertea;NEMERTEA;0.078;0.208019785;0;0.6;0.4;0
OESTGDN03;Nephtys;NEPHTYS;0.078;0.010919263;0;0;1;0
OESTGDN03;Nephtys hombergii;NEPHTYS;0.078;0.031387894;0;0;1;0
OESTGDN03;Nephtys incisa;NEPHTYS;0.078;0.366865965;0;0;1;0
OESTGDN03;Nucula nitidosa;NUCULA;0.078;0.218132075;0;0;1;0
OESTGDN03;Perioculodes longimanus;PERIOCULODES;0.078;0.003145434;0;1;0;0
OESTGDN03;Phyllodoce rosea;PHYLLODOCE;0.078;0.004575185;0;0;1;0
OESTGDN03;Scoloplos armiger;SCOLOPLOS;0.078;0.00288609;0;0.25;0.75;0
OESTGDN03;Sigalion mathildae;SIGALION;0.078;0.197796934;0;0.5;0.5;0
OESTGDN03;Spio filicornis;SPIO;0.078;0.033954786;0;1;0;0
OESTGDN03;Spiophanes bombyx;SPIOPHANES;0.078;0.026513461;0;1;0;0
OESTGDN03;Tellina fabula;ANGULUS;0.078;0.301924528;0;0;1;0
OESTGDN03;Thracia convexa;THRACIA;0.078;0.013358491;0;0;0;1
OESTGDN03;Thracia papyracea;THRACIA;0.078;0.004;0;0;0;1
OESTGDN03;Thyasira flexuosa;THYASIRA;0.078;0.634188679;0;0;1;0
OESTGDN04;Amphiura filiformis;AMPHIURA;0.078;1.106748849;0;0;0;1
OESTGDN04;Chamelea striatula;CHAMELEA;0.078;5.055;0;0;0;1
OESTGDN04;Cylichna cylindracea;CYLICHNA;0.078;0.010550205;0;0;1;0
OESTGDN04;Euspira pulchella;POLINICES;0.078;0.005128572;0;0;1;0
OESTGDN04;Kurtiella bidentata;KURTIELLA;0.078;0.003566038;0;0;1;0
OESTGDN04;Lanice conchilega;LANICE;0.078;0.917204813;0;1;0;0
OESTGDN04;Magelona filiformis;MAGELONA;0.078;0.00295924;0;0;1;0
OESTGDN04;Nephtys;NEPHTYS;0.078;0.005386482;0;0;1;0
OESTGDN04;Nephtys assimilis;NEPHTYS;0.078;0.598364986;0;0;1;0
OESTGDN04;Nephtys hombergii;NEPHTYS;0.078;0.315561388;0;0;1;0
OESTGDN04;Ophiodromus flexuosus;OPHIODROMUS;0.078;0.026939059;0;1;0;0
OESTGDN04;Pholoe minuta;PHOLOE;0.078;0.007620874;0;0;1;0
OESTGDN04;Phyllodoce rosea;PHYLLODOCE;0.078;0.004814584;0;0;1;0
OESTGDN04;Podarkeopsis helgolandica;PODARKEOPSIS;0.078;0.007048976;0;1;0;0
OESTGDN04;Sigalion mathildae;SIGALION;0.078;0.149784096;0;0.5;0.5;0
OESTGDN04;Spiophanes bombyx;SPIOPHANES;0.078;0.008625021;0;1;0;0
OESTGDN04;Tellina fabula;ANGULUS;0.078;0.096037736;0;0;1;0
OESTGDN04;Vitreolina antiflexa;VITREOLINA;0.078;0.040383842;0;0;1;0
OESTGDN04;Westwoodilla caecula;WESTWOODILLA;0.078;0.001567492;0;1;0;0
OESTGDN09;Amphiura filiformis;AMPHIURA;0.078;0.350042974;0;0;0;1
OESTGDN09;Callianassa;CALLIANASSA;0.078;0.011897265;0;1;0;0
OESTGDN09;Callianassa subterranea;CALLIANASSA;0.078;0.565472779;0;1;0;0
OESTGDN09;Chaetozone setosa;CHAETOZONE;0.078;0.012781257;0;1;0;0
OESTGDN09;Corbula gibba;CORBULA;0.078;1.299886792;0;1;0;0
OESTGDN09;Dosinia lupinus;DOSINIA;0.078;0.003735849;0;0;0.5;0.5
OESTGDN09;Euspira pulchella;POLINICES;0.078;0.005128572;0;0;1;0
OESTGDN09;Golfingia;GOLFINGIA;0.078;0.001187708;0;1;0;0
OESTGDN09;Harpinia antennaria;HARPINIA;0.078;0.007837461;0.333333333;0.666666667;0;0
OESTGDN09;Hyala vitrea;HYALA;0.078;0.00344347;0;0;1;0
OESTGDN09;Ione thoracica;IONE;0.078;0.016766941;0;1;0;0
OESTGDN09;Lumbrineris latreilli;LUMBRINERIS;0.078;0.028368805;0;0;1;0
OESTGDN09;Magelona filiformis;MAGELONA;0.078;0.003584338;0;0;1;0
OESTGDN09;Nucula nitidosa;NUCULA;0.078;0.005886792;0;0;1;0
OESTGDN09;Ophiodromus flexuosus;OPHIODROMUS;0.078;0.082552822;0;1;0;0
OESTGDN09;Phoronida;PHORONIDA;0.078;0.00064105;0;1;0;0
OESTGDN09;Podarkeopsis helgolandica;PODARKEOPSIS;0.078;0.002566891;0;1;0;0
OESTGDN09;Prionospio;PRIONOSPIO;0.078;0.01200321;0;1;0;0
OESTGDN09;Spio filicornis;SPIO;0.078;0.000937647;0;1;0;0
OESTGDN09;Sthenelais limicola;STHENELAIS;0.078;0.03262479;0;0;1;0
OESTGDN09;Turritella communis;TURRITELLA;0.078;0.202915617;0;0;1;0
OESTGDN11B;Abra nitida;ABRA;0.078;0.002415094;0;0.5;0.5;0
OESTGDN11B;Ampelisca brevicornis;AMPELISCA;0.078;0.001567492;0;1;0;0
OESTGDN11B;Amphiura;AMPHIURA;0.078;0.00655101;0;0;0;1
OESTGDN11B;Amphiura filiformis;AMPHIURA;0.078;0.467143122;0;0;0;1
OESTGDN11B;Arctica islandica;ARCTICA;0.078;0.010207547;0;0;0;1
OESTGDN11B;Callianassa;CALLIANASSA;0.078;0.001431643;0;1;0;0
OESTGDN11B;Callianassa subterranea;CALLIANASSA;0.078;0.44211115;0;1;0;0
OESTGDN11B;Chaetozone christiei;CHAETOZONE;0.078;0.003285089;0;1;0;0
OESTGDN11B;Chaetozone setosa;CHAETOZONE;0.078;0.002566891;0;1;0;0
OESTGDN11B;Corbula gibba;CORBULA;0.078;0.026283019;0;1;0;0
OESTGDN11B;Cylichna cylindracea;CYLICHNA;0.078;0.014154859;0;0;1;0
OESTGDN11B;Echinocardium cordatum;ECHINOCARDIUM;0.078;0.943801318;0;0;0.666666667;0.333333333
OESTGDN11B;Eudorella truncatula;EUDORELLA;0.078;0.001044995;0.75;0.25;0;0
OESTGDN11B;Glycera;GLYCERA;0.078;0.000638398;0;0;1;0
OESTGDN11B;Harpinia antennaria;HARPINIA;0.078;0.017242413;0.333333333;0.666666667;0;0
OESTGDN11B;Ione thoracica;IONE;0.078;0.003197684;0;1;0;0
OESTGDN11B;Kurtiella bidentata;KURTIELLA;0.078;0.001924528;0;0;1;0
OESTGDN11B;Leptopentacta elongata;LEPTOPENTACTA;0.078;0.005528627;0;0;1;0
OESTGDN11B;Leptosynapta inhaerens;LEPTOSYNAPTA;0.078;0.583087589;0;0.333333333;0.666666667;0
OESTGDN11B;Magelona johnstoni;MAGELONA;0.078;0.000724848;0;0;1;0
OESTGDN11B;Malmgreniella marphysae;MALMGRENIELLA;0.078;0.062582939;0;0;1;0
OESTGDN11B;Nemertea;NEMERTEA;0.078;0.000467355;0;0.6;0.4;0
OESTGDN11B;Nucula nitidosa;NUCULA;0.078;0.030396226;0;0;1;0
OESTGDN11B;Pectinaria auricoma;PECTINARIA;0.078;0.128337918;0;0.5;0.5;0
OESTGDN11B;Phascolion;PHASCOLION;0.078;0.085166113;0;1;0;0
OESTGDN11B;Pholoe minuta;PHOLOE;0.078;0.001063996;0;0;1;0
OESTGDN11B;Phyllodoce mucosa;PHYLLODOCE;0.078;0.000212799;0;0;1;0
OESTGDN11B;Poecilochaetus serpens;POECILOCHAETUS;0.078;0.011564311;0;1;0;0
OESTGDN11B;Sthenelais limicola;STHENELAIS;0.078;0.011664061;0;0;1;0
OESTGDN11B;Tellimya ferruginosa;TELLIMYA;0.078;0.032716981;0;0;1;0
OESTGDN12;Abra alba;ABRA;0.078;0.014169811;0;0.5;0.5;0
OESTGDN12;Bathyporeia elegans;BATHYPOREIA;0.078;0.004707701;0.75;0.25;0;0
OESTGDN12;Bathyporeia tenuipes;BATHYPOREIA;0.078;0.004702476;0.75;0.25;0;0
OESTGDN12;Callianassa subterranea;CALLIANASSA;0.078;0.321064184;0;1;0;0
OESTGDN12;Chamelea striatula;CHAMELEA;0.078;0.626433962;0;0;0;1
OESTGDN12;Corbula gibba;CORBULA;0.078;0.020037736;0;1;0;0
OESTGDN12;Corystes cassivelaunus;CORYSTES;0.078;0.367488076;0;0;1;0
OESTGDN12;Cylichna cylindracea;CYLICHNA;0.078;0.033760657;0;0;1;0
OESTGDN12;Echinocyamus pusillus;ECHINOCYAMUS;0.078;0.001252579;0;1;0;0
OESTGDN12;Edwardsia;EDWARDSIA;0.078;0.008769632;0;0;0.25;0.75
OESTGDN12;Eudorellopsis deformis;EUDORELLOPSIS;0.078;0.004174754;0.75;0.25;0;0
OESTGDN12;Euspira pulchella;POLINICES;0.078;0.002227266;0;0;1;0
OESTGDN12;Galathowenia oculata;GALATHOWENIA;0.078;0.001030747;0;0.5;0.5;0
OESTGDN12;Goniada maculata;GONIADA;0.078;0.041868259;0;0.75;0.25;0
OESTGDN12;Harpinia antennaria;HARPINIA;0.078;0.007837461;0.333333333;0.666666667;0;0
OESTGDN12;Hippomedon denticulatus;HIPPOMEDON;0.078;0.001567492;0.333333333;0.666666667;0;0
OESTGDN12;Kurtiella bidentata;KURTIELLA;0.078;0.000811321;0;0;1;0
OESTGDN12;Magelona filiformis;MAGELONA;0.078;0.02078783;0;0;1;0
OESTGDN12;Magelona johnstoni;MAGELONA;0.078;0.022570024;0;0;1;0
OESTGDN12;Nephtys cirrosa;NEPHTYS;0.078;0.014503601;0;0;1;0
OESTGDN12;Nephtys hombergii;NEPHTYS;0.078;0.119307248;0;0;1;0
OESTGDN12;Nucula nitidosa;NUCULA;0.078;0.139037736;0;0;1;0
OESTGDN12;Ophiodromus flexuosus;OPHIODROMUS;0.078;0.058413403;0;1;0;0
OESTGDN12;Pectinaria koreni;PECTINARIA;0.078;0.000691598;0;0.5;0.5;0
OESTGDN12;Perioculodes longimanus;PERIOCULODES;0.078;0.001572717;0;1;0;0
OESTGDN12;Phoronida;PHORONIDA;0.078;0.002798322;0;1;0;0
OESTGDN12;Phyllodoce rosea;PHYLLODOCE;0.078;0.00597833;0;0;1;0
OESTGDN12;Poecilochaetus serpens;POECILOCHAETUS;0.078;0.006929277;0;1;0;0
OESTGDN12;Processa parva;PROCESSA;0.078;0.176055489;0;1;0;0
OESTGDN12;Pseudione borealis;BOPYRIDAE;0.078;0.006332668;0;1;0;0
OESTGDN12;Pseudocuma longicorne;PSEUDOCUMA;0.078;0.001044995;0.25;0.75;0;0
OESTGDN12;Scoloplos armiger;SCOLOPLOS;0.078;0.003577688;0;0.25;0.75;0
OESTGDN12;Sthenelais limicola;STHENELAIS;0.078;0.040764363;0;0;1;0
OESTGDN12;Synchelidium maculatum;SYNCHELIDIUM;0.078;0.001572717;0;1;0;0
OESTGDN12;Urothoe elegans;UROTHOE;0.078;0.001567492;0;1;0;0
OESTGDN14;Abra alba;ABRA;0.078;0.512471698;0;0.5;0.5;0
OESTGDN14;Ampelisca tenuicornis;AMPELISCA;0.078;0.004702476;0;1;0;0
OESTGDN14;Amphiura filiformis;AMPHIURA;0.078;0.141641083;0;0;0;1
OESTGDN14;Callianassa subterranea;CALLIANASSA;0.078;2.297551562;0;1;0;0
OESTGDN14;Chamelea striatula;CHAMELEA;0.078;5.628018868;0;0;0;1
OESTGDN14;Eudorella truncatula;EUDORELLA;0.078;0.001044995;0.75;0.25;0;0
OESTGDN14;Eumida sanguinea;EUMIDA;0.078;0.026161012;0;0.5;0.5;0
OESTGDN14;Glyphohesione klatti;GLYPHOHESIONE;0.078;0.004821234;0;1;0;0
OESTGDN14;Goniada maculata;GONIADA;0.078;0.003903537;0;0.75;0.25;0
OESTGDN14;Harpinia antennaria;HARPINIA;0.078;0.015674921;0.333333333;0.666666667;0;0
OESTGDN14;Hyala vitrea;HYALA;0.078;0.06683262;0;0;1;0
OESTGDN14;Lumbrineris latreilli;LUMBRINERIS;0.078;0.023321472;0;0;1;0
OESTGDN14;Mediomastus fragilis;MEDIOMASTUS;0.078;0.001263496;0;1;0;0
OESTGDN14;Minuspio;MINUSPIO;0.078;0.000305899;0;1;0;0
OESTGDN14;Nemertea;NEMERTEA;0.078;0.066060653;0;0.6;0.4;0
OESTGDN14;Nephtys hombergii;NEPHTYS;0.078;0.046403544;0;0;1;0
OESTGDN14;Notomastus latericeus;NOTOMASTUS;0.078;0.247897866;0;1;0;0
OESTGDN14;Ophiodromus flexuosus;OPHIODROMUS;0.078;0.072724155;0;1;0;0
OESTGDN14;Pholoe minuta;PHOLOE;0.078;0.001077296;0;0;1;0
OESTGDN14;Podarkeopsis helgolandica;PODARKEOPSIS;0.078;0.015959946;0;1;0;0
OESTGDN14;Pseudione borealis;BOPYRIDAE;0.078;0.003286508;0;1;0;0
OESTGDN14;Spiophanes kroyeri;SPIOPHANES;0.078;0.001556095;0;1;0;0
OESTGDN14;Sthenelais limicola;STHENELAIS;0.078;0.038855819;0;0;1;0
OESTGDN14;Tellimya ferruginosa;TELLIMYA;0.078;0.048830189;0;0;1;0
OESTGDN14;Terebellides stroemi;TEREBELLIDES;0.078;0.004289236;0;0.333333333;0.666666667;0
OESTGDN15;Abra alba;ABRA;0.078;0.002811321;0;0.5;0.5;0
OESTGDN15;Amphiura filiformis;AMPHIURA;0.078;0.407676989;0;0;0;1
OESTGDN15;Bathyporeia tenuipes;BATHYPOREIA;0.078;0.004702476;0.75;0.25;0;0
OESTGDN15;Callianassa subterranea;CALLIANASSA;0.078;0.267173805;0;1;0;0
OESTGDN15;Chaetozone setosa;CHAETOZONE;0.078;0.002127993;0;1;0;0
OESTGDN15;Chamelea striatula;CHAMELEA;0.078;0.001056604;0;0;0;1
OESTGDN15;Corystes cassivelaunus;CORYSTES;0.078;4.003949599;0;0;1;0
OESTGDN15;Cylichna cylindracea;CYLICHNA;0.078;0.010374369;0;0;1;0
OESTGDN15;Echinocardium cordatum;ECHINOCARDIUM;0.078;8.791699369;0;0;0.666666667;0.333333333
OESTGDN15;Edwardsia claparedii;EDWARDSIA;0.078;0.002311854;0;0;0.25;0.75
OESTGDN15;Euspira pulchella;POLINICES;0.078;0.005128572;0;0;1;0
OESTGDN15;Glyphohesione klatti;GLYPHOHESIONE;0.078;0.002127993;0;1;0;0
OESTGDN15;Harpinia antennaria;HARPINIA;0.078;0.015674921;0.333333333;0.666666667;0;0
OESTGDN15;Ione thoracica;IONE;0.078;0.004138179;0;1;0;0
OESTGDN15;Kurtiella bidentata;KURTIELLA;0.078;0.001924528;0;0;1;0
OESTGDN15;Leucothoe incisa;LEUCOTHOE;0.078;0.00200639;0.5;0.5;0;0
OESTGDN15;Magelona alleni;MAGELONA;0.078;0.045007049;0;0;1;0
OESTGDN15;Magelona filiformis;MAGELONA;0.078;0.004289236;0;0;1;0
OESTGDN15;Magelona johnstoni;MAGELONA;0.078;0.009363168;0;0;1;0
OESTGDN15;Nemertea;NEMERTEA;0.078;0.002208253;0;0.6;0.4;0
OESTGDN15;Nephtys assimilis;NEPHTYS;0.078;0.036175878;0;0;1;0
OESTGDN15;Nucula nitidosa;NUCULA;0.078;0.248528302;0;0;1;0
OESTGDN15;Ophiodromus flexuosus;OPHIODROMUS;0.078;0.042134258;0;1;0;0
OESTGDN15;Owenia fusiformis;OWENIA;0.078;0.001702394;0;0;1;0
OESTGDN15;Pholoe minuta;PHOLOE;0.078;0.001343295;0;0;1;0
OESTGDN15;Phoronida;PHORONIDA;0.078;8.92E-05;0;1;0;0
OESTGDN15;Poecilochaetus serpens;POECILOCHAETUS;0.078;0.049156635;0;1;0;0
OESTGDN15;Pseudocuma longicorne;PSEUDOCUMA;0.078;0.001044995;0.25;0.75;0;0
OESTGDN15;Scoloplos armiger;SCOLOPLOS;0.078;0.031068695;0;0.25;0.75;0
OESTGDN15;Sigalion mathildae;SIGALION;0.078;0.155662676;0;0.5;0.5;0
OESTGDN15;Sthenelais limicola;STHENELAIS;0.078;0.050752629;0;0;1;0
OESTGDN15;Tellimya ferruginosa;TELLIMYA;0.078;0.061113208;0;0;1;0
OESTGDN15;Thyasira flexuosa;THYASIRA;0.078;0.209320755;0;0;1;0
OESTGDN16;Abra nitida;ABRA;0.078;0.052660377;0;0.5;0.5;0
OESTGDN16;Ampelisca tenuicornis;AMPELISCA;0.078;0.003134984;0;1;0;0
OESTGDN16;Amphiura;AMPHIURA;0.078;0.031565186;0;0;0;1
OESTGDN16;Amphiura filiformis;AMPHIURA;0.078;0.686132095;0;0;0;1
OESTGDN16;Chaetozone christiei;CHAETOZONE;0.078;0.001469645;0;1;0;0
OESTGDN16;Chaetozone setosa;CHAETOZONE;0.078;0.013180256;0;1;0;0
OESTGDN16;Cylichna cylindracea;CYLICHNA;0.078;0.004044245;0;0;1;0
OESTGDN16;Diplocirrus glaucus;DIPLOCIRRUS;0.078;0.033389538;0;0.5;0.5;0
OESTGDN16;Glyphohesione klatti;GLYPHOHESIONE;0.078;0.000864497;0;1;0;0
OESTGDN16;Harpinia antennaria;HARPINIA;0.078;0.003134984;0.333333333;0.666666667;0;0
OESTGDN16;Kurtiella bidentata;KURTIELLA;0.078;0.015698113;0;0;1;0
OESTGDN16;Magelona filiformis;MAGELONA;0.078;0.025336415;0;0;1;0
OESTGDN16;Magelona johnstoni;MAGELONA;0.078;0.020282432;0;0;1;0
OESTGDN16;Mya;MYA;0.078;0.000132075;0;0;0;1
OESTGDN16;Nemertea;NEMERTEA;0.078;0.000771136;0;0.6;0.4;0
OESTGDN16;Nephtys assimilis;NEPHTYS;0.078;0.806974784;0;0;1;0
OESTGDN16;Nephtys hombergii;NEPHTYS;0.078;0.034400334;0;0;1;0
OESTGDN16;Notomastus latericeus;NOTOMASTUS;0.078;1.327049583;0;1;0;0
OESTGDN16;Nucula nitidosa;NUCULA;0.078;0.323698113;0;0;1;0
OESTGDN16;Ophiodromus flexuosus;OPHIODROMUS;0.078;0.033303088;0;1;0;0
OESTGDN16;Owenia fusiformis;OWENIA;0.078;0.00897082;0;0;1;0
OESTGDN16;Phaxas pellucidus;PHAXAS;0.078;0.26754717;0;0;1;0
OESTGDN16;Pholoe minuta;PHOLOE;0.078;0.005459632;0;0;1;0
OESTGDN16;Phoronida;PHORONIDA;0.078;0.003640048;0;1;0;0
OESTGDN16;Phyllodoce rosea;PHYLLODOCE;0.078;0.004628384;0;0;1;0
OESTGDN16;Podarkeopsis helgolandica;PODARKEOPSIS;0.078;0.008704821;0;1;0;0
OESTGDN16;Pseudocuma longicorne;PSEUDOCUMA;0.078;0.001044995;0.25;0.75;0;0
OESTGDN16;Scoloplos armiger;SCOLOPLOS;0.078;0.045997895;0;0.25;0.75;0
OESTGDN16;Sigalion mathildae;SIGALION;0.078;0.183206883;0;0.5;0.5;0
OESTGDN16;Spiophanes bombyx;SPIOPHANES;0.078;0.076035844;0;1;0;0
OESTGDN16;Tellina fabula;ANGULUS;0.078;0.177320755;0;0;1;0
OESTGDN16;Thyasira flexuosa;THYASIRA;0.078;0.404566038;0;0;1;0
OESTGDN18;Ampelisca brevicornis;AMPELISCA;0.078;0.003134984;0;1;0;0
OESTGDN18;Amphiura;AMPHIURA;0.078;0.017962883;0;0;0;1
OESTGDN18;Amphiura filiformis;AMPHIURA;0.078;0.035817596;0;0;0;1
OESTGDN18;Bathyporeia elegans;BATHYPOREIA;0.078;0.001567492;0.75;0.25;0;0
OESTGDN18;Callianassa;CALLIANASSA;0.078;0.020993944;0;1;0;0
OESTGDN18;Chamelea striatula;CHAMELEA;0.078;0.012471698;0;0;0;1
OESTGDN18;Corbula gibba;CORBULA;0.078;0.396735849;0;1;0;0
OESTGDN18;Echinocardium cordatum;ECHINOCARDIUM;0.078;5.719546352;0;0;0.666666667;0.333333333
OESTGDN18;Eudorella truncatula;EUDORELLA;0.078;0.001044995;0.75;0.25;0;0
OESTGDN18;Glyphohesione klatti;GLYPHOHESIONE;0.078;0.000425599;0;1;0;0
OESTGDN18;Goniada maculata;GONIADA;0.078;0.040172515;0;0.75;0.25;0
OESTGDN18;Hyala vitrea;HYALA;0.078;0.002300531;0;0;1;0
OESTGDN18;Kurtiella bidentata;KURTIELLA;0.078;0.00454717;0;0;1;0
OESTGDN18;Magelona filiformis;MAGELONA;0.078;0.001063996;0;0;1;0
OESTGDN18;Natatolana borealis;NATATOLANA;0.078;0.102670733;0;1;0;0
OESTGDN18;Nemertea;NEMERTEA;0.078;0.016824786;0;0.6;0.4;0
OESTGDN18;Nephtys hombergii;NEPHTYS;0.078;0.201826821;0;0;1;0
OESTGDN18;Nucula nitidosa;NUCULA;0.078;0.286641509;0;0;1;0
OESTGDN18;Ophiodromus flexuosus;OPHIODROMUS;0.078;0.128497517;0;1;0;0
OESTGDN18;Owenia fusiformis;OWENIA;0.078;0.012914257;0;0;1;0
OESTGDN18;Pectinaria auricoma;PECTINARIA;0.078;0.001808794;0;0.5;0.5;0
OESTGDN18;Phoronida;PHORONIDA;0.078;5.57E-05;0;1;0;0
OESTGDN18;Podarkeopsis helgolandica;PODARKEOPSIS;0.078;0.090173696;0;1;0;0
OESTGDN18;Poecilochaetus serpens;POECILOCHAETUS;0.078;0.014377252;0;1;0;0
OESTGDN18;Spiophanes bombyx;SPIOPHANES;0.078;0.000425599;0;1;0;0
OESTGDN18;Sthenelais limicola;STHENELAIS;0.078;0.057489056;0;0;1;0
OESTGDN18;Tellimya ferruginosa;TELLIMYA;0.078;0.064641509;0;0;1;0
OESTGDN19;Abra alba;ABRA;0.078;0.002226415;0;0.5;0.5;0
OESTGDN19;Abra prismatica;ABRA;0.078;0.127056604;0;0.5;0.5;0
OESTGDN19;Ampelisca brevicornis;AMPELISCA;0.078;0.001567492;0;1;0;0
OESTGDN19;Ampelisca tenuicornis;AMPELISCA;0.078;0.001567492;0;1;0;0
OESTGDN19;Argissa hamatipes;ARGISSA;0.078;0.003134984;0.333333333;0.666666667;0;0
OESTGDN19;Bathyporeia tenuipes;BATHYPOREIA;0.078;0.001567492;0.75;0.25;0;0
OESTGDN19;Chaetozone christiei;CHAETOZONE;0.078;0.006809577;0;1;0;0
OESTGDN19;Chamelea striatula;CHAMELEA;0.078;0.002150943;0;0;0;1
OESTGDN19;Corbula gibba;CORBULA;0.078;0.028584906;0;1;0;0
OESTGDN19;Diplocirrus glaucus;DIPLOCIRRUS;0.078;0.004561885;0;0.5;0.5;0
OESTGDN19;Ebalia cranchii;EBALIA;0.078;0.176651136;0;1;0;0
OESTGDN19;Echinocardium cordatum;ECHINOCARDIUM;0.078;28.56440301;0;0;0.666666667;0.333333333
OESTGDN19;Eunereis elitoralis;EUNEREIS;0.078;0.067989371;0;0;1;0
OESTGDN19;Euspira pulchella;POLINICES;0.078;0.124551036;0;0;1;0
OESTGDN19;Galathowenia oculata;GALATHOWENIA;0.078;0.005000783;0;0.5;0.5;0
OESTGDN19;Harpinia antennaria;HARPINIA;0.078;0.001567492;0.333333333;0.666666667;0;0
OESTGDN19;Magelona alleni;MAGELONA;0.078;0.117784404;0;0;1;0
OESTGDN19;Magelona filiformis;MAGELONA;0.078;0.056218911;0;0;1;0
OESTGDN19;Magelona johnstoni;MAGELONA;0.078;0.01188351;0;0;1;0
OESTGDN19;Nemertea;NEMERTEA;0.078;0.11800718;0;0.6;0.4;0
OESTGDN19;Nephtys;NEPHTYS;0.078;0.00308559;0;0;1;0
OESTGDN19;Nephtys assimilis;NEPHTYS;0.078;0.209288096;0;0;1;0
OESTGDN19;Nephtys hombergii;NEPHTYS;0.078;0.056923808;0;0;1;0
OESTGDN19;Notomastus latericeus;NOTOMASTUS;0.078;0.064478183;0;1;0;0
OESTGDN19;Nucula nitidosa;NUCULA;0.078;1.025433962;0;0;1;0
OESTGDN19;Perioculodes longimanus;PERIOCULODES;0.078;0.003145434;0;1;0;0
OESTGDN19;Phoronida;PHORONIDA;0.078;0.014660532;0;1;0;0
OESTGDN19;Phyllodoce rosea;PHYLLODOCE;0.078;0.015427948;0;0;1;0
OESTGDN19;Podarkeopsis helgolandica;PODARKEOPSIS;0.078;0.000957597;0;1;0;0
OESTGDN19;Pseudocuma longicorne;PSEUDOCUMA;0.078;0.002084765;0.25;0.75;0;0
OESTGDN19;Scoloplos armiger;SCOLOPLOS;0.078;0.035470981;0;0.25;0.75;0
OESTGDN19;Sigalion mathildae;SIGALION;0.078;0.128105169;0;0.5;0.5;0
OESTGDN19;Spio martinensis;SPIO;0.078;0.00595838;0;1;0;0
OESTGDN19;Spiophanes bombyx;SPIOPHANES;0.078;0.040431864;0;1;0;0
OESTGDN19;Sthenelais limicola;STHENELAIS;0.078;0.045432647;0;0;1;0
OESTGDN19;Tellimya ferruginosa;TELLIMYA;0.078;0.107;0;0;1;0
OESTGDN19;Thracia papyracea;THRACIA;0.078;0.000735849;0;0;0;1
OESTGDN19;Thyasira flexuosa;THYASIRA;0.078;0.545698113;0;0;1;0
OESTGDN21;Amphiura;AMPHIURA;0.078;0.000953243;0;0;0;1
OESTGDN21;Bathyporeia elegans;BATHYPOREIA;0.078;0.001567492;0.75;0.25;0;0
OESTGDN21;Bathyporeia tenuipes;BATHYPOREIA;0.078;0.003134984;0.75;0.25;0;0
OESTGDN21;Cerianthus lloydi;CERIANTHUS;0.078;0.793574613;0;0;0;1
OESTGDN21;Chaetozone christiei;CHAETOZONE;0.078;0.002533641;0;1;0;0
OESTGDN21;Corystes cassivelaunus;CORYSTES;0.078;0.905707392;0;0;1;0
OESTGDN21;Echinocardium cordatum;ECHINOCARDIUM;0.078;4.286088222;0;0;0.666666667;0.333333333
OESTGDN21;Euspira pulchella;POLINICES;0.078;0.005128572;0;0;1;0
OESTGDN21;Goniada maculata;GONIADA;0.078;0.029971449;0;0.75;0.25;0
OESTGDN21;Harpinia antennaria;HARPINIA;0.078;0.004702476;0.333333333;0.666666667;0;0
OESTGDN21;Lanice conchilega;LANICE;0.078;1.2775405;0;1;0;0
OESTGDN21;Magelona alleni;MAGELONA;0.078;0.119692947;0;0;1;0
OESTGDN21;Magelona filiformis;MAGELONA;0.078;0.035470981;0;0;1;0
OESTGDN21;Magelona johnstoni;MAGELONA;0.078;0.03266469;0;0;1;0
OESTGDN21;Nephtys assimilis;NEPHTYS;0.078;0.598364986;0;0;1;0
OESTGDN21;Nucula nitidosa;NUCULA;0.078;0.133283019;0;0;1;0
OESTGDN21;Ophiuroidea;OPHIUROIDEA;0.078;0.000128451;0;0;1;0
OESTGDN21;Pectinaria auricoma;PECTINARIA;0.078;0.007660774;0;0.5;0.5;0
OESTGDN21;Phoronida;PHORONIDA;0.078;0.031623268;0;1;0;0
OESTGDN21;Scoloplos armiger;SCOLOPLOS;0.078;0.085877811;0;0.25;0.75;0
OESTGDN21;Tellimya ferruginosa;TELLIMYA;0.078;0.010867925;0;0;1;0
OESTGDN23;Abra prismatica;ABRA;0.078;0.329056604;0;0.5;0.5;0
OESTGDN23;Amphiura;AMPHIURA;0.078;0.003109871;0;0;0;1
OESTGDN23;Argissa hamatipes;ARGISSA;0.078;0.006269968;0.333333333;0.666666667;0;0
OESTGDN23;Bathyporeia guilliamsoniana;BATHYPOREIA;0.078;0.002189264;0.75;0.25;0;0
OESTGDN23;Chaetozone christiei;CHAETOZONE;0.078;0.013652404;0;1;0;0
OESTGDN23;Diplocirrus glaucus;DIPLOCIRRUS;0.078;0.019777033;0;0.5;0.5;0
OESTGDN23;Echinocardium cordatum;ECHINOCARDIUM;0.078;18.03368395;0;0;0.666666667;0.333333333
OESTGDN23;Edwardsia claparedii;EDWARDSIA;0.078;0.004130512;0;0;0.25;0.75
OESTGDN23;Eudorella emarginata;EUDORELLA;0.078;0.001044995;0.75;0.25;0;0
OESTGDN23;Euspira pulchella;POLINICES;0.078;0.000688694;0;0;1;0
OESTGDN23;Glycinde nordmanni;GLYCINDE;0.078;0.015920046;0;0.5;0.5;0
OESTGDN23;Harpinia antennaria;HARPINIA;0.078;0.001567492;0.333333333;0.666666667;0;0
OESTGDN23;Hippomedon denticulatus;HIPPOMEDON;0.078;0.001567492;0.333333333;0.666666667;0;0
OESTGDN23;Magelona filiformis;MAGELONA;0.078;0.049263034;0;0;1;0
OESTGDN23;Magelona johnstoni;MAGELONA;0.078;0.01794829;0;0;1;0
OESTGDN23;Mya;MYA;0.078;0.004;0;0;0;1
OESTGDN23;Nemertea;NEMERTEA;0.078;0.0089148;0;0.6;0.4;0
OESTGDN23;Nephtys;NEPHTYS;0.078;0.002480442;0;0;1;0
OESTGDN23;Nephtys assimilis;NEPHTYS;0.078;0.028854253;0;0;1;0
OESTGDN23;Nephtys hombergii;NEPHTYS;0.078;0.745901389;0;0;1;0
OESTGDN23;Notomastus latericeus;NOTOMASTUS;0.078;0.958055625;0;1;0;0
OESTGDN23;Nucula nitidosa;NUCULA;0.078;0.208679245;0;0;1;0
OESTGDN23;Ophiodromus flexuosus;OPHIODROMUS;0.078;0.003617588;0;1;0;0
OESTGDN23;Pectinaria auricoma;PECTINARIA;0.078;0.042307158;0;0.5;0.5;0
OESTGDN23;Perioculodes longimanus;PERIOCULODES;0.078;0.001572717;0;1;0;0
OESTGDN23;Phoronida;PHORONIDA;0.078;0.0059757;0;1;0;0
OESTGDN23;Podarkeopsis helgolandica;PODARKEOPSIS;0.078;0.006756377;0;1;0;0
OESTGDN23;Polyphysia crassa;POLYPHYSIA;0.078;0.02670631;0;1;0;0
OESTGDN23;Scoloplos armiger;SCOLOPLOS;0.078;0.057708506;0;0.25;0.75;0
OESTGDN23;Spiophanes bombyx;SPIOPHANES;0.078;0.002699891;0;1;0;0
OESTGDN23;Tellimya ferruginosa;TELLIMYA;0.078;0.129962264;0;0;1;0
OESTGDN23;Thracia;THRACIA;0.078;0.00409434;0;0;0;1
OESTGDN23;Thyasira flexuosa;THYASIRA;0.078;0.103339623;0;0;1;0
ROTTMPT50;Bathyporeia guilliamsoniana;BATHYPOREIA;0.078;0.002189264;0.75;0.25;0;0
ROTTMPT50;Chaetozone christiei;CHAETOZONE;0.078;0.003617588;0;1;0;0
ROTTMPT50;Echinocardium cordatum;ECHINOCARDIUM;0.078;8.742831863;0;0;0.666666667;0.333333333
ROTTMPT50;Nemertea;NEMERTEA;0.078;0.002336776;0;0.6;0.4;0
ROTTMPT50;Nephtys cirrosa;NEPHTYS;0.078;0.309303759;0;0;1;0
ROTTMPT50;Perioculodes longimanus;PERIOCULODES;0.078;0.001572717;0;1;0;0
ROTTMPT50;Tellimya ferruginosa;TELLIMYA;0.078;0.007773585;0;0;1;0
ROTTMPT50;Tellina fabula;ANGULUS;0.078;0.001471698;0;0;1;0
ROTTMPT50;Urothoe poseidonis;UROTHOE;0.078;0.001567492;0;1;0;0
TERSLG235B;Acrocnida brachiata;ACROCNIDA;0.078;0.096115282;0;0;0;1
TERSLG235B;Amphiura;AMPHIURA;0.078;0.012655821;0;0;0;1
TERSLG235B;Argissa hamatipes;ARGISSA;0.078;0.003134984;0.333333333;0.666666667;0;0
TERSLG235B;Bathyporeia;BATHYPOREIA;0.078;0.01482325;0.75;0.25;0;0
TERSLG235B;Bathyporeia elegans;BATHYPOREIA;0.078;0.015690596;0.75;0.25;0;0
TERSLG235B;Bathyporeia guilliamsoniana;BATHYPOREIA;0.078;0.041585566;0.75;0.25;0;0
TERSLG235B;Clymenura;CLYMENURA;0.078;0.004681584;0.75;0.25;0;0
TERSLG235B;Echinocyamus pusillus;ECHINOCYAMUS;0.078;0.000507802;0;1;0;0
TERSLG235B;Edwardsia claparedii;EDWARDSIA;0.078;0.013562875;0;0;0.25;0.75
TERSLG235B;Eteone longa;ETEONE;0.078;0.001203646;0;1;0;0
TERSLG235B;Euspira pulchella;POLINICES;0.078;0.088709644;0;0;1;0
TERSLG235B;Glycinde nordmanni;GLYCINDE;0.078;0.00299249;0;0.5;0.5;0
TERSLG235B;Goniada maculata;GONIADA;0.078;0.004043186;0;0.75;0.25;0
TERSLG235B;Kurtiella bidentata;KURTIELLA;0.078;0.007471698;0;0;1;0
TERSLG235B;Magelona filiformis;MAGELONA;0.078;0.011351512;0;0;1;0
TERSLG235B;Magelona johnstoni;MAGELONA;0.078;0.098752168;0;0;1;0
TERSLG235B;Megaluropus agilis;MEGALUROPUS;0.078;0.003145434;0.5;0.5;0;0
TERSLG235B;Nemertea;NEMERTEA;0.078;0.001635743;0;0.6;0.4;0
TERSLG235B;Nephtys;NEPHTYS;0.078;0.001024097;0;0;1;0
TERSLG235B;Nephtys cirrosa;NEPHTYS;0.078;0.028056256;0;0;1;0
TERSLG235B;Nephtys hombergii;NEPHTYS;0.078;2.102031325;0;0;1;0
TERSLG235B;Owenia fusiformis;OWENIA;0.078;0.021898376;0;0;1;0
TERSLG235B;Perioculodes longimanus;PERIOCULODES;0.078;0.001572717;0;1;0;0
TERSLG235B;Podarkeopsis helgolandica;PODARKEOPSIS;0.078;0.000445549;0;1;0;0
TERSLG235B;Pontocrates altamarinus;PONTOCRATES;0.078;0.001572717;0;1;0;0
TERSLG235B;Scoloplos armiger;SCOLOPLOS;0.078;0.00601158;0;0.25;0.75;0
TERSLG235B;Siphonoecetes kroyeranus;SIPHONOECETES;0.078;0.003145434;1;0;0;0
TERSLG235B;Tellina fabula;ANGULUS;0.078;0.036226415;0;0;1;0
TERSLG235B;Thracia papyracea;THRACIA;0.078;0.017301887;0;0;0;1
TERSLG235B;Urothoe brevicornis;UROTHOE;0.078;0.00192279;0;1;0;0
TERSLG235B;Urothoe poseidonis;UROTHOE;0.078;0.025105999;0;1;0;0
WALCRN30;Bathyporeia guilliamsoniana;BATHYPOREIA;0.078;0.002189264;0.75;0.25;0;0
WALCRN30;Ensis arcuatus;ENSIS;0.078;15.64826415;0;0;0;1
WALCRN30;Glycera lapidum;GLYCERA;0.078;0.001363245;0;0;1;0
WALCRN30;Nephtys cirrosa;NEPHTYS;0.078;0.192210953;0;0;1;0
WALCRN30;Pseudocuma longicorne;PSEUDOCUMA;0.078;0.001044995;0.25;0.75;0;0
WALCRN30;Thia scutellata;THIA;0.078;0.841884338;0;0;0;1
WALCRN30;Urothoe brevicornis;UROTHOE;0.078;0.009603502;0;1;0;0
